-- phpMyAdmin SQL Dump
-- version 4.8.5
-- https://www.phpmyadmin.net/
--
-- Host: 127.0.0.1
-- Generation Time: Jan 05, 2020 at 03:40 PM
-- Server version: 10.1.40-MariaDB
-- PHP Version: 7.3.5

SET SQL_MODE = "NO_AUTO_VALUE_ON_ZERO";
SET AUTOCOMMIT = 0;
START TRANSACTION;
SET time_zone = "+00:00";


/*!40101 SET @OLD_CHARACTER_SET_CLIENT=@@CHARACTER_SET_CLIENT */;
/*!40101 SET @OLD_CHARACTER_SET_RESULTS=@@CHARACTER_SET_RESULTS */;
/*!40101 SET @OLD_COLLATION_CONNECTION=@@COLLATION_CONNECTION */;
/*!40101 SET NAMES utf8mb4 */;

--
-- Database: `busdb`
--

-- --------------------------------------------------------

--
-- Table structure for table `bus_stop`
--

CREATE TABLE `bus_stop` (
  `bus_stop_id` int(11) NOT NULL,
  `bus_stop_coordinates` varchar(20) NOT NULL,
  `name` varchar(20) NOT NULL,
  `zone` tinyint(3) NOT NULL
) ENGINE=InnoDB DEFAULT CHARSET=utf8;

--
-- Dumping data for table `bus_stop`
--

INSERT INTO `bus_stop` (`bus_stop_id`, `bus_stop_coordinates`, `name`, `zone`) VALUES
(1, '65,279', 'Pool 1', 2),
(2, '552,196', 'Moria 2', 2),
(3, '653,990', 'Vraxneika 1', 3),
(4, '9,618', 'Washington 3', 1),
(5, '694,163', 'Pasalimani 2', 2),
(6, '252,382', 'Highway to bell 3', 2),
(7, '145,609', 'Church 1', 3),
(8, '616,936', 'Icecrown 2', 1),
(9, '616,29', 'Tsoukaleika 1', 3),
(10, '470,846', 'Washington 2', 2),
(11, '706,50', 'Circus 1', 2),
(12, '891,245', 'Square 1', 1),
(13, '436,619', 'Kallithea 2', 2),
(14, '514,90', 'Kineta 3', 3),
(15, '444,874', 'Circus 3', 1),
(16, '701,902', 'Kallithea 3', 3),
(17, '130,744', 'Dalaran 3', 1),
(18, '487,622', 'Kineta 2', 3),
(19, '611,2', 'Road 3', 2),
(20, '780,982', 'Gondor 1', 2),
(21, '46,254', 'Stadium 2', 1),
(22, '311,818', 'Square 3', 1),
(23, '505,945', 'Duskwood 2', 3),
(24, '44,891', 'Durotar 1', 1),
(25, '393,440', 'Church 3', 3),
(26, '258,823', 'Summoners Rift 2', 2),
(27, '420,389', 'Minas Tirith 2', 3),
(28, '225,373', 'Helms Deep 3', 3),
(29, '286,220', 'KYPES 2', 3),
(30, '56,544', 'Stadium 3', 2),
(31, '674,384', 'Pasalimani 1', 1),
(32, '64,503', 'Mordor 2', 3),
(33, '267,153', 'Vraxneika 3', 2),
(34, '16,99', 'KYPES 1', 3),
(35, '296,66', 'Tsoukaleika 3', 2),
(36, '101,62', 'Town Hall 3', 3),
(37, '45,776', 'Durotar 2', 1),
(38, '591,483', 'Mordor 1', 2),
(39, '611,15', 'Kallithea 1', 3),
(40, '48,511', 'Isenstar 3', 2),
(41, '244,276', 'Kineta 1', 2),
(42, '632,489', 'Tsoukaleika 2', 3),
(43, '995,337', 'Isenstar 2', 2),
(44, '124,765', 'Minas Tirith 3', 2),
(45, '897,993', 'Highway to bell 2', 2),
(46, '407,130', 'Icecrown 3', 1),
(47, '141,49', 'Helms Deep 1', 2),
(48, '408,469', 'Westfall 1', 2),
(49, '360,328', 'Bridge 3', 2),
(50, '534,37', 'Durotar 3', 3),
(51, '15,20', 'Duskwood 3', 2),
(52, '578,982', 'Duskwood 1', 3),
(53, '312,93', 'Town Hall 2', 1),
(54, '934,260', 'Highway to bell 1', 3),
(55, '750,473', 'Stadium 1', 3),
(56, '336,1000', 'Gondor 3', 2),
(57, '67,484', 'Zoo 2', 2),
(58, '274,442', 'Westfall 2', 1),
(59, '634,865', 'Dalaran 2', 3),
(60, '761,831', 'Summoners Rift 3', 2);

-- --------------------------------------------------------

--
-- Table structure for table `cardholder`
--

CREATE TABLE `cardholder` (
  `cardholder_id` varchar(10) NOT NULL,
  `name` varchar(20) NOT NULL,
  `surname` varchar(20) NOT NULL,
  `status` varchar(20) DEFAULT NULL
) ENGINE=InnoDB DEFAULT CHARSET=utf8;

--
-- Dumping data for table `cardholder`
--

INSERT INTO `cardholder` (`cardholder_id`, `name`, `surname`, `status`) VALUES
('AL 902491', 'Katerina', 'Psora', 'Student'),
('AT 181267', 'Maria', 'Dimitriadi', 'Handicapped'),
('CI 217834', 'Penelope', 'Anagnostopoulou', 'Child'),
('HM 648485', 'Euterpi', 'Giolou', 'Child'),
('JE 496037', 'Katerina', 'Papagiorgi', 'Handicapped'),
('NI 279829', 'Antonis', 'Bogdanos', 'Elderly'),
('PT 354362', 'Laertis', 'Mitsotakis', 'Student'),
('QA 336976', 'Nikh', 'Papagiorgi', 'Child'),
('SO 514504', 'Laertis', 'Evangelou', 'Handicapped'),
('WN 294094', 'Giannhs', 'Sifakis', 'Handicapped');

-- --------------------------------------------------------

--
-- Table structure for table `consists_of`
--

CREATE TABLE `consists_of` (
  `line_id` int(11) NOT NULL,
  `bus_stop_id` int(11) NOT NULL,
  `sequence_index` int(11) NOT NULL,
  `eta_from_itinerary_start` int(11) DEFAULT NULL
) ENGINE=InnoDB DEFAULT CHARSET=utf8;

--
-- Dumping data for table `consists_of`
--

INSERT INTO `consists_of` (`line_id`, `bus_stop_id`, `sequence_index`, `eta_from_itinerary_start`) VALUES
(1, 5, 1, NULL),
(1, 18, 8, NULL),
(1, 20, 5, NULL),
(1, 44, 2, NULL),
(1, 45, 7, NULL),
(1, 50, 6, NULL),
(1, 51, 4, NULL),
(1, 59, 3, NULL),
(2, 2, 8, NULL),
(2, 3, 2, NULL),
(2, 4, 20, NULL),
(2, 5, 1, NULL),
(2, 7, 15, NULL),
(2, 10, 10, NULL),
(2, 12, 23, NULL),
(2, 17, 16, NULL),
(2, 18, 24, NULL),
(2, 20, 7, NULL),
(2, 21, 18, NULL),
(2, 23, 14, NULL),
(2, 27, 9, NULL),
(2, 30, 12, NULL),
(2, 37, 11, NULL),
(2, 39, 4, NULL),
(2, 44, 3, NULL),
(2, 45, 19, NULL),
(2, 50, 17, NULL),
(2, 51, 6, NULL),
(2, 52, 22, NULL),
(2, 53, 13, NULL),
(2, 59, 5, NULL),
(2, 60, 21, NULL),
(3, 2, 7, NULL),
(3, 24, 8, NULL),
(3, 31, 1, NULL),
(3, 35, 9, NULL),
(3, 36, 4, NULL),
(3, 38, 6, NULL),
(3, 44, 2, NULL),
(3, 47, 5, NULL),
(3, 57, 3, NULL),
(4, 2, 16, NULL),
(4, 9, 10, NULL),
(4, 11, 14, NULL),
(4, 12, 4, NULL),
(4, 17, 15, NULL),
(4, 24, 17, NULL),
(4, 31, 1, NULL),
(4, 32, 7, NULL),
(4, 35, 19, NULL),
(4, 36, 9, NULL),
(4, 38, 13, NULL),
(4, 39, 8, NULL),
(4, 42, 18, NULL),
(4, 44, 5, NULL),
(4, 47, 11, NULL),
(4, 52, 3, NULL),
(4, 54, 12, NULL),
(4, 56, 2, NULL),
(4, 57, 6, NULL),
(5, 20, 2, NULL),
(5, 29, 1, NULL),
(5, 41, 5, NULL),
(5, 52, 3, NULL),
(5, 58, 4, NULL),
(6, 2, 10, NULL),
(6, 10, 2, NULL),
(6, 16, 13, NULL),
(6, 20, 3, NULL),
(6, 28, 9, NULL),
(6, 29, 1, NULL),
(6, 32, 14, NULL),
(6, 40, 7, NULL),
(6, 41, 15, NULL),
(6, 45, 12, NULL),
(6, 50, 8, NULL),
(6, 52, 4, NULL),
(6, 53, 5, NULL),
(6, 57, 6, NULL),
(6, 58, 11, NULL),
(7, 1, 7, NULL),
(7, 10, 3, NULL),
(7, 17, 6, NULL),
(7, 26, 5, NULL),
(7, 36, 1, NULL),
(7, 40, 2, NULL),
(7, 44, 4, NULL),
(8, 1, 23, NULL),
(8, 4, 18, NULL),
(8, 10, 16, NULL),
(8, 14, 14, NULL),
(8, 15, 8, NULL),
(8, 17, 21, NULL),
(8, 18, 13, NULL),
(8, 24, 9, NULL),
(8, 25, 4, NULL),
(8, 26, 20, NULL),
(8, 27, 3, NULL),
(8, 28, 15, NULL),
(8, 30, 2, NULL),
(8, 32, 6, NULL),
(8, 35, 19, NULL),
(8, 36, 1, NULL),
(8, 37, 5, NULL),
(8, 40, 7, NULL),
(8, 41, 11, NULL),
(8, 43, 22, NULL),
(8, 44, 17, NULL),
(8, 47, 10, NULL),
(8, 48, 12, NULL),
(9, 3, 6, NULL),
(9, 4, 2, NULL),
(9, 11, 8, NULL),
(9, 18, 7, NULL),
(9, 26, 5, NULL),
(9, 27, 3, NULL),
(9, 39, 4, NULL),
(9, 44, 1, NULL),
(10, 3, 13, NULL),
(10, 4, 5, NULL),
(10, 5, 3, NULL),
(10, 7, 9, NULL),
(10, 11, 18, NULL),
(10, 18, 17, NULL),
(10, 19, 2, NULL),
(10, 21, 10, NULL),
(10, 25, 4, NULL),
(10, 26, 8, NULL),
(10, 27, 6, NULL),
(10, 39, 7, NULL),
(10, 41, 11, NULL),
(10, 42, 16, NULL),
(10, 43, 12, NULL),
(10, 44, 1, NULL),
(10, 49, 14, NULL),
(10, 59, 15, NULL),
(11, 5, 2, NULL),
(11, 16, 5, NULL),
(11, 22, 7, NULL),
(11, 26, 4, NULL),
(11, 27, 8, NULL),
(11, 32, 3, NULL),
(11, 56, 1, NULL),
(11, 58, 6, NULL),
(12, 4, 4, NULL),
(12, 5, 2, NULL),
(12, 16, 12, NULL),
(12, 17, 11, NULL),
(12, 18, 13, NULL),
(12, 20, 6, NULL),
(12, 22, 21, NULL),
(12, 26, 9, NULL),
(12, 27, 22, NULL),
(12, 28, 19, NULL),
(12, 29, 16, NULL),
(12, 31, 18, NULL),
(12, 32, 5, NULL),
(12, 36, 20, NULL),
(12, 40, 17, NULL),
(12, 42, 3, NULL),
(12, 43, 7, NULL),
(12, 48, 8, NULL),
(12, 55, 10, NULL),
(12, 56, 1, NULL),
(12, 58, 15, NULL),
(12, 59, 14, NULL),
(13, 13, 2, NULL),
(13, 14, 1, NULL),
(13, 22, 3, NULL),
(13, 45, 5, NULL),
(13, 56, 4, NULL),
(14, 4, 8, NULL),
(14, 6, 19, NULL),
(14, 9, 7, NULL),
(14, 13, 10, NULL),
(14, 14, 1, NULL),
(14, 15, 6, NULL),
(14, 17, 14, NULL),
(14, 18, 11, NULL),
(14, 19, 20, NULL),
(14, 22, 16, NULL),
(14, 26, 12, NULL),
(14, 30, 13, NULL),
(14, 33, 3, NULL),
(14, 34, 15, NULL),
(14, 40, 5, NULL),
(14, 45, 21, NULL),
(14, 46, 18, NULL),
(14, 48, 9, NULL),
(14, 52, 4, NULL),
(14, 56, 17, NULL),
(14, 58, 2, NULL);

-- --------------------------------------------------------

--
-- Table structure for table `driver`
--

CREATE TABLE `driver` (
  `driver_id` varchar(10) NOT NULL,
  `name` varchar(20) NOT NULL,
  `surname` varchar(20) NOT NULL,
  `license_degree` varchar(1) NOT NULL
) ENGINE=InnoDB DEFAULT CHARSET=utf8;

--
-- Dumping data for table `driver`
--

INSERT INTO `driver` (`driver_id`, `name`, `surname`, `license_degree`) VALUES
('AI 641080', 'Antonis', 'Panagiotou', 'B'),
('AK 919950', 'Zaxarias', 'Evangelou', 'A'),
('BD 419429', 'Antonis', 'Karagkounis', 'B'),
('BD 870355', 'Laertis', 'Bogdanos', 'B'),
('BD 891078', 'Laertis', 'Meletis', 'B'),
('BI 141039', 'Laertis', 'Evangelou', 'A'),
('BU 716932', 'Giorgos', 'Panagiotou', 'A'),
('CJ 409564', 'Andreas', 'Panagiotou', 'C'),
('CN 213853', 'Kostas', 'Meletis', 'A'),
('CV 256738', 'Maria', 'Dimitriadi', 'C'),
('DC 096190', 'Kleio', 'Konstantinou', 'C'),
('DE 863318', 'Antonis', 'Peftikoglou', 'C'),
('DZ 803720', 'Xrisanthos', 'Meletis', 'C'),
('EA 899067', 'Zaxarias', 'Meletis', 'A'),
('EE 117276', 'Xrisanthos', 'Liopas', 'C'),
('EP 993398', 'Antonis', 'Manousakis', 'A'),
('ES 915664', 'Giannhs', 'Peftikoglou', 'B'),
('EW 792946', 'Xrisanthos', 'Evangelou', 'A'),
('GA 296056', 'Giorgos', 'Panagiotou', 'B'),
('GA 640167', 'Giorgos', 'Sifakis', 'C'),
('GS 471943', 'Andreas', 'Evangelou', 'A'),
('GX 520881', 'Alkinoos', 'Avgos', 'B'),
('HN 378973', 'Laertis', 'Karakitsos', 'B'),
('HQ 396179', 'Giorgos', 'Roussos', 'B'),
('HV 228615', 'Loukas', 'Liopas', 'A'),
('IA 591010', 'Kostas', 'Avgos', 'C'),
('IL 978343', 'Alkinoos', 'Avgos', 'A'),
('IY 063420', 'Loukas', 'Meletis', 'A'),
('JB 221876', 'Antonis', 'Karakitsos', 'A'),
('JI 210531', 'Xrisanthos', 'Mitsotakis', 'B'),
('JJ 065755', 'Xrisanthos', 'Manousakis', 'B'),
('JQ 554706', 'Laertis', 'Mitsotakis', 'C'),
('JQ 617431', 'Antonis', 'Avgos', 'C'),
('JT 035041', 'Loukas', 'Manousakis', 'A'),
('KI 259939', 'Kostas', 'Manousakis', 'B'),
('KI 264732', 'Laertis', 'Karagkounis', 'B'),
('LA 373839', 'Penelope', 'Dimitriadi', 'B'),
('LC 314692', 'Zaxarias', 'Karagkounis', 'A'),
('LD 980027', 'Laertis', 'Manousakis', 'A'),
('LI 086575', 'Antonis', 'Avgos', 'B'),
('LO 180678', 'Loukas', 'Evangelou', 'C'),
('LT 277738', 'Xrisanthos', 'Peftikoglou', 'C'),
('LT 872131', 'Alkinoos', 'Bogdanos', 'B'),
('ME 667932', 'Kostas', 'Manousakis', 'A'),
('MF 099909', 'Laertis', 'Panagiotou', 'B'),
('MF 741359', 'Zaxarias', 'Meletis', 'B'),
('MY 816157', 'Xrisanthos', 'Roussos', 'A'),
('NI 313176', 'Kostas', 'Peftikoglou', 'B'),
('NP 720662', 'Andreas', 'Karakitsos', 'B'),
('NU 586372', 'Antonis', 'Peftikoglou', 'B'),
('NX 556582', 'Xrisanthos', 'Avgos', 'B'),
('OC 501925', 'Andreas', 'Panagiotou', 'A'),
('PF 549170', 'Loukas', 'Roussos', 'C'),
('PO 869640', 'Giorgos', 'Liopas', 'A'),
('PT 499148', 'Kostas', 'Karakitsos', 'B'),
('QD 169608', 'Zaxarias', 'Manousakis', 'A'),
('QS 192282', 'Kostas', 'Evangelou', 'B'),
('QU 153708', 'Laertis', 'Roussos', 'A'),
('QU 811018', 'Andreas', 'Bogdanos', 'C'),
('QV 473296', 'Alkinoos', 'Mitsotakis', 'C'),
('QZ 173514', 'Xrisanthos', 'Karakitsos', 'A'),
('RA 299942', 'Alkinoos', 'Manousakis', 'A'),
('RE 238637', 'Loukas', 'Evangelou', 'A'),
('RE 729058', 'Antonis', 'Liopas', 'A'),
('RV 354406', 'Zaxarias', 'Liopas', 'C'),
('SD 966741', 'Andreas', 'Sifakis', 'A'),
('SI 504380', 'Xrisanthos', 'Roussos', 'A'),
('SM 269705', 'Giannhs', 'Meletis', 'C'),
('TC 101070', 'Ismini', 'Algeri', 'B'),
('TF 062760', 'Giannhs', 'Roussos', 'C'),
('TL 334619', 'Antonis', 'Peftikoglou', 'A'),
('TP 611043', 'Maria', 'Stamatiadi', 'B'),
('TW 678137', 'Elvira', 'Kokkinou', 'A'),
('UC 991666', 'Alkinoos', 'Meletis', 'B'),
('UF 202137', 'Alkinoos', 'Sifakis', 'C'),
('UG 799369', 'Kostas', 'Meletis', 'A'),
('UO 273170', 'Alkinoos', 'Liopas', 'A'),
('UP 743166', 'Euterpi', 'Stamatiadi', 'B'),
('VB 596331', 'Zaxarias', 'Peftikoglou', 'A'),
('VB 794756', 'Elpida', 'Psora', 'A'),
('VE 241376', 'Alkinoos', 'Peftikoglou', 'C'),
('VL 661275', 'Loukas', 'Liopas', 'A'),
('VN 558202', 'Penelope', 'Dimitriadi', 'B'),
('VO 263350', 'Xrisanthos', 'Evangelou', 'A'),
('VO 934594', 'Loukas', 'Meletis', 'A'),
('VQ 080324', 'Zaxarias', 'Manousakis', 'B'),
('WG 579647', 'Xrisanthos', 'Sifakis', 'A'),
('WR 976949', 'Penelope', 'Kokkinou', 'A'),
('WW 794007', 'Alkinoos', 'Meletis', 'A'),
('WZ 157137', 'Giannhs', 'Roussos', 'C'),
('XJ 436381', 'Alkinoos', 'Meletis', 'B'),
('XV 045316', 'Xrisanthos', 'Avgos', 'C'),
('YB 926987', 'Elvira', 'Giolou', 'A'),
('YE 879140', 'Giorgos', 'Evangelou', 'C'),
('YM 181932', 'Elpida', 'Papagiorgi', 'C'),
('YP 603518', 'Giorgos', 'Panagiotou', 'C'),
('YV 067786', 'Laertis', 'Bogdanos', 'B'),
('ZL 382173', 'Loukas', 'Mitsotakis', 'C'),
('ZM 322591', 'Andreas', 'Meletis', 'C'),
('ZQ 736948', 'Elpida', 'Stamatiadi', 'C');

-- --------------------------------------------------------

--
-- Table structure for table `executes`
--

CREATE TABLE `executes` (
  `license_plate` varchar(10) NOT NULL,
  `itinerary_id` int(11) NOT NULL,
  `line_id` int(11) NOT NULL,
  `driver_id` varchar(10) NOT NULL
) ENGINE=InnoDB DEFAULT CHARSET=utf8;

--
-- Dumping data for table `executes`
--

INSERT INTO `executes` (`license_plate`, `itinerary_id`, `line_id`, `driver_id`) VALUES
('ABC 6235', 471, 12, 'QU 153708'),
('AVV 5904', 441, 11, 'VQ 080324'),
('AZZ 3422', 411, 11, 'TL 334619'),
('CEX 7428', 151, 4, 'JQ 554706'),
('CIE 1783', 341, 9, 'DZ 803720'),
('CPR 7942', 121, 3, 'LT 277738'),
('CYU 1929', 161, 4, 'LI 086575'),
('DPJ 8468', 31, 1, 'UG 799369'),
('DRZ 1267', 311, 8, 'RE 238637'),
('EAU 8403', 221, 6, 'YB 926987'),
('EVQ 0427', 211, 5, 'GA 296056'),
('HBC 9375', 391, 10, 'QS 192282'),
('HIY 8544', 51, 2, 'JQ 617431'),
('JZT 6037', 451, 11, 'WZ 157137'),
('KNL 5704', 351, 9, 'AI 641080'),
('KQC 8642', 481, 12, 'YM 181932'),
('KVK 4980', 231, 6, 'HQ 396179'),
('LMH 3384', 401, 10, 'UP 743166'),
('MCQ 9320', 261, 7, 'JI 210531'),
('MOR 2635', 171, 4, 'GX 520881'),
('MVS 8888', 361, 10, 'CJ 409564'),
('NMO 5271', 91, 2, 'JB 221876'),
('ODC 8907', 201, 5, 'WG 579647'),
('OLU 0440', 381, 10, 'YV 067786'),
('OVN 3142', 41, 1, 'QD 169608'),
('PCZ 8407', 1, 1, 'LA 373839'),
('PPL 9353', 21, 1, 'UC 991666'),
('QJC 6069', 251, 7, 'IA 591010'),
('QMN 4402', 191, 5, 'LO 180678'),
('QPC 0107', 131, 4, 'TP 611043'),
('RCQ 6650', 111, 3, 'XV 045316'),
('RJE 4198', 431, 11, 'QZ 173514'),
('ROC 9648', 271, 7, 'EE 117276'),
('RQD 6621', 61, 2, 'OC 501925'),
('SWI 4096', 301, 8, 'ES 915664'),
('TBF 3248', 71, 2, 'QV 473296'),
('TIA 5902', 241, 6, 'EA 899067'),
('UBP 4674', 11, 1, 'JJ 065755'),
('UGR 5389', 331, 9, 'IL 978343'),
('UID 6678', 81, 2, 'DE 863318'),
('VTZ 4090', 321, 9, 'EP 993398'),
('WBI 2433', 461, 12, 'RV 354406'),
('WCJ 5518', 371, 10, 'ZM 322591'),
('WMX 5028', 291, 8, 'HN 378973'),
('WXY 1480', 281, 8, 'SM 269705'),
('XIJ 2756', 101, 3, 'LC 314692'),
('XLL 1251', 421, 11, 'ZQ 736948'),
('XRO 5600', 141, 4, 'QU 811018'),
('XXO 0159', 181, 5, 'KI 259939');

-- --------------------------------------------------------

--
-- Table structure for table `itinerary`
--

CREATE TABLE `itinerary` (
  `itinerary_id` int(11) NOT NULL,
  `line_id` int(11) NOT NULL,
  `start` time NOT NULL,
  `type` varchar(20) NOT NULL
) ENGINE=InnoDB DEFAULT CHARSET=utf8;

--
-- Dumping data for table `itinerary`
--

INSERT INTO `itinerary` (`itinerary_id`, `line_id`, `start`, `type`) VALUES
(1, 1, '06:00:00', 'WEEKDAYS'),
(2, 1, '06:30:00', 'WEEKDAYS'),
(3, 1, '07:00:00', 'WEEKDAYS'),
(4, 1, '07:30:00', 'WEEKDAYS'),
(5, 1, '08:00:00', 'WEEKDAYS'),
(6, 1, '08:30:00', 'WEEKDAYS'),
(7, 1, '09:00:00', 'WEEKDAYS'),
(8, 1, '09:30:00', 'WEEKDAYS'),
(9, 1, '10:00:00', 'WEEKDAYS'),
(10, 1, '10:30:00', 'WEEKDAYS'),
(11, 1, '11:00:00', 'WEEKDAYS'),
(12, 1, '11:30:00', 'WEEKDAYS'),
(13, 1, '12:00:00', 'WEEKDAYS'),
(14, 1, '12:30:00', 'WEEKDAYS'),
(15, 1, '13:00:00', 'WEEKDAYS'),
(16, 1, '13:30:00', 'WEEKDAYS'),
(17, 1, '14:00:00', 'WEEKDAYS'),
(18, 1, '14:30:00', 'WEEKDAYS'),
(19, 1, '15:00:00', 'WEEKDAYS'),
(20, 1, '15:30:00', 'WEEKDAYS'),
(21, 1, '16:00:00', 'WEEKDAYS'),
(22, 1, '16:30:00', 'WEEKDAYS'),
(23, 1, '17:00:00', 'WEEKDAYS'),
(24, 1, '17:30:00', 'WEEKDAYS'),
(25, 1, '18:00:00', 'WEEKDAYS'),
(26, 1, '18:30:00', 'WEEKDAYS'),
(27, 1, '19:00:00', 'WEEKDAYS'),
(28, 1, '19:30:00', 'WEEKDAYS'),
(29, 1, '20:00:00', 'WEEKDAYS'),
(30, 1, '20:30:00', 'WEEKDAYS'),
(31, 1, '21:00:00', 'WEEKDAYS'),
(32, 1, '21:30:00', 'WEEKDAYS'),
(33, 1, '22:00:00', 'WEEKDAYS'),
(34, 1, '22:30:00', 'WEEKDAYS'),
(35, 1, '06:00:00', 'WEEKENDS'),
(36, 1, '08:00:00', 'WEEKENDS'),
(37, 1, '10:00:00', 'WEEKENDS'),
(38, 1, '12:00:00', 'WEEKENDS'),
(39, 1, '14:00:00', 'WEEKENDS'),
(40, 1, '16:00:00', 'WEEKENDS'),
(41, 1, '18:00:00', 'WEEKENDS'),
(42, 1, '20:00:00', 'WEEKENDS'),
(43, 1, '22:00:00', 'WEEKENDS'),
(44, 1, '06:00:00', 'HOLIDAY'),
(45, 1, '09:00:00', 'HOLIDAY'),
(46, 1, '12:00:00', 'HOLIDAY'),
(47, 1, '15:00:00', 'HOLIDAY'),
(48, 1, '18:00:00', 'HOLIDAY'),
(49, 1, '21:00:00', 'HOLIDAY'),
(50, 2, '06:00:00', 'WEEKDAYS'),
(51, 2, '06:30:00', 'WEEKDAYS'),
(52, 2, '07:00:00', 'WEEKDAYS'),
(53, 2, '07:30:00', 'WEEKDAYS'),
(54, 2, '08:00:00', 'WEEKDAYS'),
(55, 2, '08:30:00', 'WEEKDAYS'),
(56, 2, '09:00:00', 'WEEKDAYS'),
(57, 2, '09:30:00', 'WEEKDAYS'),
(58, 2, '10:00:00', 'WEEKDAYS'),
(59, 2, '10:30:00', 'WEEKDAYS'),
(60, 2, '11:00:00', 'WEEKDAYS'),
(61, 2, '11:30:00', 'WEEKDAYS'),
(62, 2, '12:00:00', 'WEEKDAYS'),
(63, 2, '12:30:00', 'WEEKDAYS'),
(64, 2, '13:00:00', 'WEEKDAYS'),
(65, 2, '13:30:00', 'WEEKDAYS'),
(66, 2, '14:00:00', 'WEEKDAYS'),
(67, 2, '14:30:00', 'WEEKDAYS'),
(68, 2, '15:00:00', 'WEEKDAYS'),
(69, 2, '15:30:00', 'WEEKDAYS'),
(70, 2, '16:00:00', 'WEEKDAYS'),
(71, 2, '16:30:00', 'WEEKDAYS'),
(72, 2, '17:00:00', 'WEEKDAYS'),
(73, 2, '17:30:00', 'WEEKDAYS'),
(74, 2, '18:00:00', 'WEEKDAYS'),
(75, 2, '18:30:00', 'WEEKDAYS'),
(76, 2, '19:00:00', 'WEEKDAYS'),
(77, 2, '19:30:00', 'WEEKDAYS'),
(78, 2, '20:00:00', 'WEEKDAYS'),
(79, 2, '20:30:00', 'WEEKDAYS'),
(80, 2, '21:00:00', 'WEEKDAYS'),
(81, 2, '21:30:00', 'WEEKDAYS'),
(82, 2, '22:00:00', 'WEEKDAYS'),
(83, 2, '22:30:00', 'WEEKDAYS'),
(84, 2, '06:00:00', 'WEEKENDS'),
(85, 2, '08:00:00', 'WEEKENDS'),
(86, 2, '10:00:00', 'WEEKENDS'),
(87, 2, '12:00:00', 'WEEKENDS'),
(88, 2, '14:00:00', 'WEEKENDS'),
(89, 2, '16:00:00', 'WEEKENDS'),
(90, 2, '18:00:00', 'WEEKENDS'),
(91, 2, '20:00:00', 'WEEKENDS'),
(92, 2, '22:00:00', 'WEEKENDS'),
(93, 2, '06:00:00', 'HOLIDAY'),
(94, 2, '09:00:00', 'HOLIDAY'),
(95, 2, '12:00:00', 'HOLIDAY'),
(96, 2, '15:00:00', 'HOLIDAY'),
(97, 2, '18:00:00', 'HOLIDAY'),
(98, 2, '21:00:00', 'HOLIDAY'),
(99, 3, '06:00:00', 'WEEKDAYS'),
(100, 3, '07:00:00', 'WEEKDAYS'),
(101, 3, '08:00:00', 'WEEKDAYS'),
(102, 3, '09:00:00', 'WEEKDAYS'),
(103, 3, '10:00:00', 'WEEKDAYS'),
(104, 3, '11:00:00', 'WEEKDAYS'),
(105, 3, '12:00:00', 'WEEKDAYS'),
(106, 3, '13:00:00', 'WEEKDAYS'),
(107, 3, '14:00:00', 'WEEKDAYS'),
(108, 3, '15:00:00', 'WEEKDAYS'),
(109, 3, '16:00:00', 'WEEKDAYS'),
(110, 3, '17:00:00', 'WEEKDAYS'),
(111, 3, '18:00:00', 'WEEKDAYS'),
(112, 3, '19:00:00', 'WEEKDAYS'),
(113, 3, '20:00:00', 'WEEKDAYS'),
(114, 3, '21:00:00', 'WEEKDAYS'),
(115, 3, '22:00:00', 'WEEKDAYS'),
(116, 3, '06:00:00', 'WEEKENDS'),
(117, 3, '08:00:00', 'WEEKENDS'),
(118, 3, '10:00:00', 'WEEKENDS'),
(119, 3, '12:00:00', 'WEEKENDS'),
(120, 3, '14:00:00', 'WEEKENDS'),
(121, 3, '16:00:00', 'WEEKENDS'),
(122, 3, '18:00:00', 'WEEKENDS'),
(123, 3, '20:00:00', 'WEEKENDS'),
(124, 3, '22:00:00', 'WEEKENDS'),
(125, 3, '06:00:00', 'HOLIDAY'),
(126, 3, '11:00:00', 'HOLIDAY'),
(127, 3, '16:00:00', 'HOLIDAY'),
(128, 3, '21:00:00', 'HOLIDAY'),
(129, 4, '06:00:00', 'WEEKDAYS'),
(130, 4, '06:30:00', 'WEEKDAYS'),
(131, 4, '07:00:00', 'WEEKDAYS'),
(132, 4, '07:30:00', 'WEEKDAYS'),
(133, 4, '08:00:00', 'WEEKDAYS'),
(134, 4, '08:30:00', 'WEEKDAYS'),
(135, 4, '09:00:00', 'WEEKDAYS'),
(136, 4, '09:30:00', 'WEEKDAYS'),
(137, 4, '10:00:00', 'WEEKDAYS'),
(138, 4, '10:30:00', 'WEEKDAYS'),
(139, 4, '11:00:00', 'WEEKDAYS'),
(140, 4, '11:30:00', 'WEEKDAYS'),
(141, 4, '12:00:00', 'WEEKDAYS'),
(142, 4, '12:30:00', 'WEEKDAYS'),
(143, 4, '13:00:00', 'WEEKDAYS'),
(144, 4, '13:30:00', 'WEEKDAYS'),
(145, 4, '14:00:00', 'WEEKDAYS'),
(146, 4, '14:30:00', 'WEEKDAYS'),
(147, 4, '15:00:00', 'WEEKDAYS'),
(148, 4, '15:30:00', 'WEEKDAYS'),
(149, 4, '16:00:00', 'WEEKDAYS'),
(150, 4, '16:30:00', 'WEEKDAYS'),
(151, 4, '17:00:00', 'WEEKDAYS'),
(152, 4, '17:30:00', 'WEEKDAYS'),
(153, 4, '18:00:00', 'WEEKDAYS'),
(154, 4, '18:30:00', 'WEEKDAYS'),
(155, 4, '19:00:00', 'WEEKDAYS'),
(156, 4, '19:30:00', 'WEEKDAYS'),
(157, 4, '20:00:00', 'WEEKDAYS'),
(158, 4, '20:30:00', 'WEEKDAYS'),
(159, 4, '21:00:00', 'WEEKDAYS'),
(160, 4, '21:30:00', 'WEEKDAYS'),
(161, 4, '22:00:00', 'WEEKDAYS'),
(162, 4, '22:30:00', 'WEEKDAYS'),
(163, 4, '06:00:00', 'WEEKENDS'),
(164, 4, '09:00:00', 'WEEKENDS'),
(165, 4, '12:00:00', 'WEEKENDS'),
(166, 4, '15:00:00', 'WEEKENDS'),
(167, 4, '18:00:00', 'WEEKENDS'),
(168, 4, '21:00:00', 'WEEKENDS'),
(169, 4, '06:00:00', 'HOLIDAY'),
(170, 4, '08:00:00', 'HOLIDAY'),
(171, 4, '10:00:00', 'HOLIDAY'),
(172, 4, '12:00:00', 'HOLIDAY'),
(173, 4, '14:00:00', 'HOLIDAY'),
(174, 4, '16:00:00', 'HOLIDAY'),
(175, 4, '18:00:00', 'HOLIDAY'),
(176, 4, '20:00:00', 'HOLIDAY'),
(177, 4, '22:00:00', 'HOLIDAY'),
(178, 5, '06:00:00', 'WEEKDAYS'),
(179, 5, '08:00:00', 'WEEKDAYS'),
(180, 5, '10:00:00', 'WEEKDAYS'),
(181, 5, '12:00:00', 'WEEKDAYS'),
(182, 5, '14:00:00', 'WEEKDAYS'),
(183, 5, '16:00:00', 'WEEKDAYS'),
(184, 5, '18:00:00', 'WEEKDAYS'),
(185, 5, '20:00:00', 'WEEKDAYS'),
(186, 5, '22:00:00', 'WEEKDAYS'),
(187, 5, '06:00:00', 'WEEKENDS'),
(188, 5, '07:00:00', 'WEEKENDS'),
(189, 5, '08:00:00', 'WEEKENDS'),
(190, 5, '09:00:00', 'WEEKENDS'),
(191, 5, '10:00:00', 'WEEKENDS'),
(192, 5, '11:00:00', 'WEEKENDS'),
(193, 5, '12:00:00', 'WEEKENDS'),
(194, 5, '13:00:00', 'WEEKENDS'),
(195, 5, '14:00:00', 'WEEKENDS'),
(196, 5, '15:00:00', 'WEEKENDS'),
(197, 5, '16:00:00', 'WEEKENDS'),
(198, 5, '17:00:00', 'WEEKENDS'),
(199, 5, '18:00:00', 'WEEKENDS'),
(200, 5, '19:00:00', 'WEEKENDS'),
(201, 5, '20:00:00', 'WEEKENDS'),
(202, 5, '21:00:00', 'WEEKENDS'),
(203, 5, '22:00:00', 'WEEKENDS'),
(204, 5, '06:00:00', 'HOLIDAY'),
(205, 5, '08:00:00', 'HOLIDAY'),
(206, 5, '10:00:00', 'HOLIDAY'),
(207, 5, '12:00:00', 'HOLIDAY'),
(208, 5, '14:00:00', 'HOLIDAY'),
(209, 5, '16:00:00', 'HOLIDAY'),
(210, 5, '18:00:00', 'HOLIDAY'),
(211, 5, '20:00:00', 'HOLIDAY'),
(212, 5, '22:00:00', 'HOLIDAY'),
(213, 6, '06:00:00', 'WEEKDAYS'),
(214, 6, '08:00:00', 'WEEKDAYS'),
(215, 6, '10:00:00', 'WEEKDAYS'),
(216, 6, '12:00:00', 'WEEKDAYS'),
(217, 6, '14:00:00', 'WEEKDAYS'),
(218, 6, '16:00:00', 'WEEKDAYS'),
(219, 6, '18:00:00', 'WEEKDAYS'),
(220, 6, '20:00:00', 'WEEKDAYS'),
(221, 6, '22:00:00', 'WEEKDAYS'),
(222, 6, '06:00:00', 'WEEKENDS'),
(223, 6, '07:00:00', 'WEEKENDS'),
(224, 6, '08:00:00', 'WEEKENDS'),
(225, 6, '09:00:00', 'WEEKENDS'),
(226, 6, '10:00:00', 'WEEKENDS'),
(227, 6, '11:00:00', 'WEEKENDS'),
(228, 6, '12:00:00', 'WEEKENDS'),
(229, 6, '13:00:00', 'WEEKENDS'),
(230, 6, '14:00:00', 'WEEKENDS'),
(231, 6, '15:00:00', 'WEEKENDS'),
(232, 6, '16:00:00', 'WEEKENDS'),
(233, 6, '17:00:00', 'WEEKENDS'),
(234, 6, '18:00:00', 'WEEKENDS'),
(235, 6, '19:00:00', 'WEEKENDS'),
(236, 6, '20:00:00', 'WEEKENDS'),
(237, 6, '21:00:00', 'WEEKENDS'),
(238, 6, '22:00:00', 'WEEKENDS'),
(239, 6, '06:00:00', 'HOLIDAY'),
(240, 6, '11:00:00', 'HOLIDAY'),
(241, 6, '16:00:00', 'HOLIDAY'),
(242, 6, '21:00:00', 'HOLIDAY'),
(243, 7, '06:00:00', 'WEEKDAYS'),
(244, 7, '07:00:00', 'WEEKDAYS'),
(245, 7, '08:00:00', 'WEEKDAYS'),
(246, 7, '09:00:00', 'WEEKDAYS'),
(247, 7, '10:00:00', 'WEEKDAYS'),
(248, 7, '11:00:00', 'WEEKDAYS'),
(249, 7, '12:00:00', 'WEEKDAYS'),
(250, 7, '13:00:00', 'WEEKDAYS'),
(251, 7, '14:00:00', 'WEEKDAYS'),
(252, 7, '15:00:00', 'WEEKDAYS'),
(253, 7, '16:00:00', 'WEEKDAYS'),
(254, 7, '17:00:00', 'WEEKDAYS'),
(255, 7, '18:00:00', 'WEEKDAYS'),
(256, 7, '19:00:00', 'WEEKDAYS'),
(257, 7, '20:00:00', 'WEEKDAYS'),
(258, 7, '21:00:00', 'WEEKDAYS'),
(259, 7, '22:00:00', 'WEEKDAYS'),
(260, 7, '06:00:00', 'WEEKENDS'),
(261, 7, '08:00:00', 'WEEKENDS'),
(262, 7, '10:00:00', 'WEEKENDS'),
(263, 7, '12:00:00', 'WEEKENDS'),
(264, 7, '14:00:00', 'WEEKENDS'),
(265, 7, '16:00:00', 'WEEKENDS'),
(266, 7, '18:00:00', 'WEEKENDS'),
(267, 7, '20:00:00', 'WEEKENDS'),
(268, 7, '22:00:00', 'WEEKENDS'),
(269, 7, '06:00:00', 'HOLIDAY'),
(270, 7, '09:00:00', 'HOLIDAY'),
(271, 7, '12:00:00', 'HOLIDAY'),
(272, 7, '15:00:00', 'HOLIDAY'),
(273, 7, '18:00:00', 'HOLIDAY'),
(274, 7, '21:00:00', 'HOLIDAY'),
(275, 8, '06:00:00', 'WEEKDAYS'),
(276, 8, '07:00:00', 'WEEKDAYS'),
(277, 8, '08:00:00', 'WEEKDAYS'),
(278, 8, '09:00:00', 'WEEKDAYS'),
(279, 8, '10:00:00', 'WEEKDAYS'),
(280, 8, '11:00:00', 'WEEKDAYS'),
(281, 8, '12:00:00', 'WEEKDAYS'),
(282, 8, '13:00:00', 'WEEKDAYS'),
(283, 8, '14:00:00', 'WEEKDAYS'),
(284, 8, '15:00:00', 'WEEKDAYS'),
(285, 8, '16:00:00', 'WEEKDAYS'),
(286, 8, '17:00:00', 'WEEKDAYS'),
(287, 8, '18:00:00', 'WEEKDAYS'),
(288, 8, '19:00:00', 'WEEKDAYS'),
(289, 8, '20:00:00', 'WEEKDAYS'),
(290, 8, '21:00:00', 'WEEKDAYS'),
(291, 8, '22:00:00', 'WEEKDAYS'),
(292, 8, '06:00:00', 'WEEKENDS'),
(293, 8, '07:00:00', 'WEEKENDS'),
(294, 8, '08:00:00', 'WEEKENDS'),
(295, 8, '09:00:00', 'WEEKENDS'),
(296, 8, '10:00:00', 'WEEKENDS'),
(297, 8, '11:00:00', 'WEEKENDS'),
(298, 8, '12:00:00', 'WEEKENDS'),
(299, 8, '13:00:00', 'WEEKENDS'),
(300, 8, '14:00:00', 'WEEKENDS'),
(301, 8, '15:00:00', 'WEEKENDS'),
(302, 8, '16:00:00', 'WEEKENDS'),
(303, 8, '17:00:00', 'WEEKENDS'),
(304, 8, '18:00:00', 'WEEKENDS'),
(305, 8, '19:00:00', 'WEEKENDS'),
(306, 8, '20:00:00', 'WEEKENDS'),
(307, 8, '21:00:00', 'WEEKENDS'),
(308, 8, '22:00:00', 'WEEKENDS'),
(309, 8, '06:00:00', 'HOLIDAY'),
(310, 8, '11:00:00', 'HOLIDAY'),
(311, 8, '16:00:00', 'HOLIDAY'),
(312, 8, '21:00:00', 'HOLIDAY'),
(313, 9, '06:00:00', 'WEEKDAYS'),
(314, 9, '06:30:00', 'WEEKDAYS'),
(315, 9, '07:00:00', 'WEEKDAYS'),
(316, 9, '07:30:00', 'WEEKDAYS'),
(317, 9, '08:00:00', 'WEEKDAYS'),
(318, 9, '08:30:00', 'WEEKDAYS'),
(319, 9, '09:00:00', 'WEEKDAYS'),
(320, 9, '09:30:00', 'WEEKDAYS'),
(321, 9, '10:00:00', 'WEEKDAYS'),
(322, 9, '10:30:00', 'WEEKDAYS'),
(323, 9, '11:00:00', 'WEEKDAYS'),
(324, 9, '11:30:00', 'WEEKDAYS'),
(325, 9, '12:00:00', 'WEEKDAYS'),
(326, 9, '12:30:00', 'WEEKDAYS'),
(327, 9, '13:00:00', 'WEEKDAYS'),
(328, 9, '13:30:00', 'WEEKDAYS'),
(329, 9, '14:00:00', 'WEEKDAYS'),
(330, 9, '14:30:00', 'WEEKDAYS'),
(331, 9, '15:00:00', 'WEEKDAYS'),
(332, 9, '15:30:00', 'WEEKDAYS'),
(333, 9, '16:00:00', 'WEEKDAYS'),
(334, 9, '16:30:00', 'WEEKDAYS'),
(335, 9, '17:00:00', 'WEEKDAYS'),
(336, 9, '17:30:00', 'WEEKDAYS'),
(337, 9, '18:00:00', 'WEEKDAYS'),
(338, 9, '18:30:00', 'WEEKDAYS'),
(339, 9, '19:00:00', 'WEEKDAYS'),
(340, 9, '19:30:00', 'WEEKDAYS'),
(341, 9, '20:00:00', 'WEEKDAYS'),
(342, 9, '20:30:00', 'WEEKDAYS'),
(343, 9, '21:00:00', 'WEEKDAYS'),
(344, 9, '21:30:00', 'WEEKDAYS'),
(345, 9, '22:00:00', 'WEEKDAYS'),
(346, 9, '22:30:00', 'WEEKDAYS'),
(347, 9, '06:00:00', 'WEEKENDS'),
(348, 9, '09:00:00', 'WEEKENDS'),
(349, 9, '12:00:00', 'WEEKENDS'),
(350, 9, '15:00:00', 'WEEKENDS'),
(351, 9, '18:00:00', 'WEEKENDS'),
(352, 9, '21:00:00', 'WEEKENDS'),
(353, 9, '06:00:00', 'HOLIDAY'),
(354, 9, '10:00:00', 'HOLIDAY'),
(355, 9, '14:00:00', 'HOLIDAY'),
(356, 9, '18:00:00', 'HOLIDAY'),
(357, 9, '22:00:00', 'HOLIDAY'),
(358, 10, '06:00:00', 'WEEKDAYS'),
(359, 10, '06:30:00', 'WEEKDAYS'),
(360, 10, '07:00:00', 'WEEKDAYS'),
(361, 10, '07:30:00', 'WEEKDAYS'),
(362, 10, '08:00:00', 'WEEKDAYS'),
(363, 10, '08:30:00', 'WEEKDAYS'),
(364, 10, '09:00:00', 'WEEKDAYS'),
(365, 10, '09:30:00', 'WEEKDAYS'),
(366, 10, '10:00:00', 'WEEKDAYS'),
(367, 10, '10:30:00', 'WEEKDAYS'),
(368, 10, '11:00:00', 'WEEKDAYS'),
(369, 10, '11:30:00', 'WEEKDAYS'),
(370, 10, '12:00:00', 'WEEKDAYS'),
(371, 10, '12:30:00', 'WEEKDAYS'),
(372, 10, '13:00:00', 'WEEKDAYS'),
(373, 10, '13:30:00', 'WEEKDAYS'),
(374, 10, '14:00:00', 'WEEKDAYS'),
(375, 10, '14:30:00', 'WEEKDAYS'),
(376, 10, '15:00:00', 'WEEKDAYS'),
(377, 10, '15:30:00', 'WEEKDAYS'),
(378, 10, '16:00:00', 'WEEKDAYS'),
(379, 10, '16:30:00', 'WEEKDAYS'),
(380, 10, '17:00:00', 'WEEKDAYS'),
(381, 10, '17:30:00', 'WEEKDAYS'),
(382, 10, '18:00:00', 'WEEKDAYS'),
(383, 10, '18:30:00', 'WEEKDAYS'),
(384, 10, '19:00:00', 'WEEKDAYS'),
(385, 10, '19:30:00', 'WEEKDAYS'),
(386, 10, '20:00:00', 'WEEKDAYS'),
(387, 10, '20:30:00', 'WEEKDAYS'),
(388, 10, '21:00:00', 'WEEKDAYS'),
(389, 10, '21:30:00', 'WEEKDAYS'),
(390, 10, '22:00:00', 'WEEKDAYS'),
(391, 10, '22:30:00', 'WEEKDAYS'),
(392, 10, '06:00:00', 'WEEKENDS'),
(393, 10, '09:00:00', 'WEEKENDS'),
(394, 10, '12:00:00', 'WEEKENDS'),
(395, 10, '15:00:00', 'WEEKENDS'),
(396, 10, '18:00:00', 'WEEKENDS'),
(397, 10, '21:00:00', 'WEEKENDS'),
(398, 10, '06:00:00', 'HOLIDAY'),
(399, 10, '10:00:00', 'HOLIDAY'),
(400, 10, '14:00:00', 'HOLIDAY'),
(401, 10, '18:00:00', 'HOLIDAY'),
(402, 10, '22:00:00', 'HOLIDAY'),
(403, 11, '06:00:00', 'WEEKDAYS'),
(404, 11, '06:30:00', 'WEEKDAYS'),
(405, 11, '07:00:00', 'WEEKDAYS'),
(406, 11, '07:30:00', 'WEEKDAYS'),
(407, 11, '08:00:00', 'WEEKDAYS'),
(408, 11, '08:30:00', 'WEEKDAYS'),
(409, 11, '09:00:00', 'WEEKDAYS'),
(410, 11, '09:30:00', 'WEEKDAYS'),
(411, 11, '10:00:00', 'WEEKDAYS'),
(412, 11, '10:30:00', 'WEEKDAYS'),
(413, 11, '11:00:00', 'WEEKDAYS'),
(414, 11, '11:30:00', 'WEEKDAYS'),
(415, 11, '12:00:00', 'WEEKDAYS'),
(416, 11, '12:30:00', 'WEEKDAYS'),
(417, 11, '13:00:00', 'WEEKDAYS'),
(418, 11, '13:30:00', 'WEEKDAYS'),
(419, 11, '14:00:00', 'WEEKDAYS'),
(420, 11, '14:30:00', 'WEEKDAYS'),
(421, 11, '15:00:00', 'WEEKDAYS'),
(422, 11, '15:30:00', 'WEEKDAYS'),
(423, 11, '16:00:00', 'WEEKDAYS'),
(424, 11, '16:30:00', 'WEEKDAYS'),
(425, 11, '17:00:00', 'WEEKDAYS'),
(426, 11, '17:30:00', 'WEEKDAYS'),
(427, 11, '18:00:00', 'WEEKDAYS'),
(428, 11, '18:30:00', 'WEEKDAYS'),
(429, 11, '19:00:00', 'WEEKDAYS'),
(430, 11, '19:30:00', 'WEEKDAYS'),
(431, 11, '20:00:00', 'WEEKDAYS'),
(432, 11, '20:30:00', 'WEEKDAYS'),
(433, 11, '21:00:00', 'WEEKDAYS'),
(434, 11, '21:30:00', 'WEEKDAYS'),
(435, 11, '22:00:00', 'WEEKDAYS'),
(436, 11, '22:30:00', 'WEEKDAYS'),
(437, 11, '06:00:00', 'WEEKENDS'),
(438, 11, '09:00:00', 'WEEKENDS'),
(439, 11, '12:00:00', 'WEEKENDS'),
(440, 11, '15:00:00', 'WEEKENDS'),
(441, 11, '18:00:00', 'WEEKENDS'),
(442, 11, '21:00:00', 'WEEKENDS'),
(443, 11, '06:00:00', 'HOLIDAY'),
(444, 11, '08:00:00', 'HOLIDAY'),
(445, 11, '10:00:00', 'HOLIDAY'),
(446, 11, '12:00:00', 'HOLIDAY'),
(447, 11, '14:00:00', 'HOLIDAY'),
(448, 11, '16:00:00', 'HOLIDAY'),
(449, 11, '18:00:00', 'HOLIDAY'),
(450, 11, '20:00:00', 'HOLIDAY'),
(451, 11, '22:00:00', 'HOLIDAY'),
(452, 12, '06:00:00', 'WEEKDAYS'),
(453, 12, '07:00:00', 'WEEKDAYS'),
(454, 12, '08:00:00', 'WEEKDAYS'),
(455, 12, '09:00:00', 'WEEKDAYS'),
(456, 12, '10:00:00', 'WEEKDAYS'),
(457, 12, '11:00:00', 'WEEKDAYS'),
(458, 12, '12:00:00', 'WEEKDAYS'),
(459, 12, '13:00:00', 'WEEKDAYS'),
(460, 12, '14:00:00', 'WEEKDAYS'),
(461, 12, '15:00:00', 'WEEKDAYS'),
(462, 12, '16:00:00', 'WEEKDAYS'),
(463, 12, '17:00:00', 'WEEKDAYS'),
(464, 12, '18:00:00', 'WEEKDAYS'),
(465, 12, '19:00:00', 'WEEKDAYS'),
(466, 12, '20:00:00', 'WEEKDAYS'),
(467, 12, '21:00:00', 'WEEKDAYS'),
(468, 12, '22:00:00', 'WEEKDAYS'),
(469, 12, '06:00:00', 'WEEKENDS'),
(470, 12, '07:00:00', 'WEEKENDS'),
(471, 12, '08:00:00', 'WEEKENDS'),
(472, 12, '09:00:00', 'WEEKENDS'),
(473, 12, '10:00:00', 'WEEKENDS'),
(474, 12, '11:00:00', 'WEEKENDS'),
(475, 12, '12:00:00', 'WEEKENDS'),
(476, 12, '13:00:00', 'WEEKENDS'),
(477, 12, '14:00:00', 'WEEKENDS'),
(478, 12, '15:00:00', 'WEEKENDS'),
(479, 12, '16:00:00', 'WEEKENDS'),
(480, 12, '17:00:00', 'WEEKENDS'),
(481, 12, '18:00:00', 'WEEKENDS'),
(482, 12, '19:00:00', 'WEEKENDS'),
(483, 12, '20:00:00', 'WEEKENDS'),
(484, 12, '21:00:00', 'WEEKENDS'),
(485, 12, '22:00:00', 'WEEKENDS'),
(486, 12, '06:00:00', 'HOLIDAY'),
(487, 12, '11:00:00', 'HOLIDAY'),
(488, 12, '16:00:00', 'HOLIDAY'),
(489, 12, '21:00:00', 'HOLIDAY'),
(490, 13, '06:00:00', 'WEEKDAYS'),
(491, 13, '07:00:00', 'WEEKDAYS'),
(492, 13, '08:00:00', 'WEEKDAYS'),
(493, 13, '09:00:00', 'WEEKDAYS'),
(494, 13, '10:00:00', 'WEEKDAYS'),
(495, 13, '11:00:00', 'WEEKDAYS'),
(496, 13, '12:00:00', 'WEEKDAYS'),
(497, 13, '13:00:00', 'WEEKDAYS'),
(498, 13, '14:00:00', 'WEEKDAYS'),
(499, 13, '15:00:00', 'WEEKDAYS'),
(500, 13, '16:00:00', 'WEEKDAYS'),
(501, 13, '17:00:00', 'WEEKDAYS'),
(502, 13, '18:00:00', 'WEEKDAYS'),
(503, 13, '19:00:00', 'WEEKDAYS'),
(504, 13, '20:00:00', 'WEEKDAYS'),
(505, 13, '21:00:00', 'WEEKDAYS'),
(506, 13, '22:00:00', 'WEEKDAYS'),
(507, 13, '06:00:00', 'WEEKENDS'),
(508, 13, '07:00:00', 'WEEKENDS'),
(509, 13, '08:00:00', 'WEEKENDS'),
(510, 13, '09:00:00', 'WEEKENDS'),
(511, 13, '10:00:00', 'WEEKENDS'),
(512, 13, '11:00:00', 'WEEKENDS'),
(513, 13, '12:00:00', 'WEEKENDS'),
(514, 13, '13:00:00', 'WEEKENDS'),
(515, 13, '14:00:00', 'WEEKENDS'),
(516, 13, '15:00:00', 'WEEKENDS'),
(517, 13, '16:00:00', 'WEEKENDS'),
(518, 13, '17:00:00', 'WEEKENDS'),
(519, 13, '18:00:00', 'WEEKENDS'),
(520, 13, '19:00:00', 'WEEKENDS'),
(521, 13, '20:00:00', 'WEEKENDS'),
(522, 13, '21:00:00', 'WEEKENDS'),
(523, 13, '22:00:00', 'WEEKENDS'),
(524, 13, '06:00:00', 'HOLIDAY'),
(525, 13, '10:00:00', 'HOLIDAY'),
(526, 13, '14:00:00', 'HOLIDAY'),
(527, 13, '18:00:00', 'HOLIDAY'),
(528, 13, '22:00:00', 'HOLIDAY'),
(529, 14, '06:00:00', 'WEEKDAYS'),
(530, 14, '07:00:00', 'WEEKDAYS'),
(531, 14, '08:00:00', 'WEEKDAYS'),
(532, 14, '09:00:00', 'WEEKDAYS'),
(533, 14, '10:00:00', 'WEEKDAYS'),
(534, 14, '11:00:00', 'WEEKDAYS'),
(535, 14, '12:00:00', 'WEEKDAYS'),
(536, 14, '13:00:00', 'WEEKDAYS'),
(537, 14, '14:00:00', 'WEEKDAYS'),
(538, 14, '15:00:00', 'WEEKDAYS'),
(539, 14, '16:00:00', 'WEEKDAYS'),
(540, 14, '17:00:00', 'WEEKDAYS'),
(541, 14, '18:00:00', 'WEEKDAYS'),
(542, 14, '19:00:00', 'WEEKDAYS'),
(543, 14, '20:00:00', 'WEEKDAYS'),
(544, 14, '21:00:00', 'WEEKDAYS'),
(545, 14, '22:00:00', 'WEEKDAYS'),
(546, 14, '06:00:00', 'WEEKENDS'),
(547, 14, '09:00:00', 'WEEKENDS'),
(548, 14, '12:00:00', 'WEEKENDS'),
(549, 14, '15:00:00', 'WEEKENDS'),
(550, 14, '18:00:00', 'WEEKENDS'),
(551, 14, '21:00:00', 'WEEKENDS'),
(552, 14, '06:00:00', 'HOLIDAY'),
(553, 14, '08:00:00', 'HOLIDAY'),
(554, 14, '10:00:00', 'HOLIDAY'),
(555, 14, '12:00:00', 'HOLIDAY'),
(556, 14, '14:00:00', 'HOLIDAY'),
(557, 14, '16:00:00', 'HOLIDAY'),
(558, 14, '18:00:00', 'HOLIDAY'),
(559, 14, '20:00:00', 'HOLIDAY'),
(560, 14, '22:00:00', 'HOLIDAY');

-- --------------------------------------------------------

--
-- Table structure for table `line`
--

CREATE TABLE `line` (
  `line_id` int(11) NOT NULL,
  `name` varchar(50) NOT NULL,
  `start` varchar(30) NOT NULL,
  `stop` varchar(30) NOT NULL
) ENGINE=InnoDB DEFAULT CHARSET=utf8;

--
-- Dumping data for table `line`
--

INSERT INTO `line` (`line_id`, `name`, `start`, `stop`) VALUES
(1, 'Pasalimani 2 to Kineta 2 (EXPRESS)', 'Pasalimani 2', 'Kineta 2'),
(2, 'Pasalimani 2 to Kineta 2 ', 'Pasalimani 2', 'Kineta 2'),
(3, 'Pasalimani 1 to Tsoukaleika 3 (EXPRESS)', 'Pasalimani 1', 'Tsoukaleika 3'),
(4, 'Pasalimani 1 to Tsoukaleika 3 ', 'Pasalimani 1', 'Tsoukaleika 3'),
(5, 'KYPES 2 to Kineta 1 ', 'KYPES 2', 'Kineta 1'),
(6, 'KYPES 2 to Kineta 1 (EXPRESS)', 'KYPES 2', 'Kineta 1'),
(7, 'Town Hall 3 to Pool 1 (EXPRESS)', 'Town Hall 3', 'Pool 1'),
(8, 'Town Hall 3 to Pool 1 ', 'Town Hall 3', 'Pool 1'),
(9, 'Minas Tirith 3 to Circus 1 ', 'Minas Tirith 3', 'Circus 1'),
(10, 'Minas Tirith 3 to Circus 1 (EXPRESS)', 'Minas Tirith 3', 'Circus 1'),
(11, 'Gondor 3 to Minas Tirith 2 (EXPRESS)', 'Gondor 3', 'Minas Tirith 2'),
(12, 'Gondor 3 to Minas Tirith 2 ', 'Gondor 3', 'Minas Tirith 2'),
(13, 'Kineta 3 to Highway to bell 2 ', 'Kineta 3', 'Highway to bell 2'),
(14, 'Kineta 3 to Highway to bell 2 (EXPRESS)', 'Kineta 3', 'Highway to bell 2');

-- --------------------------------------------------------

--
-- Table structure for table `line_history`
--

CREATE TABLE `line_history` (
  `line_id` int(11) NOT NULL,
  `bus_stop_id` int(11) NOT NULL,
  `itinerary_id` int(11) NOT NULL,
  `arrival` time NOT NULL
) ENGINE=InnoDB DEFAULT CHARSET=utf8;

--
-- Dumping data for table `line_history`
--

INSERT INTO `line_history` (`line_id`, `bus_stop_id`, `itinerary_id`, `arrival`) VALUES
(1, 5, 10, '10:40:00'),
(1, 5, 11, '11:04:00'),
(1, 5, 31, '21:06:00'),
(1, 5, 37, '10:10:00'),
(1, 9, 10, '10:42:00'),
(1, 9, 11, '11:08:00'),
(1, 9, 31, '21:16:00'),
(1, 9, 37, '10:15:00'),
(1, 18, 10, '11:03:00'),
(1, 18, 11, '11:40:00'),
(1, 18, 31, '21:35:00'),
(1, 18, 37, '10:34:00'),
(1, 19, 10, '10:53:00'),
(1, 19, 11, '11:25:00'),
(1, 19, 31, '21:20:00'),
(1, 19, 37, '10:26:00'),
(1, 29, 10, '10:56:00'),
(1, 29, 11, '11:33:00'),
(1, 29, 31, '21:25:00'),
(1, 29, 37, '10:27:00'),
(1, 49, 10, '10:51:00'),
(1, 49, 11, '11:15:00'),
(1, 49, 31, '21:17:00'),
(1, 49, 37, '10:16:00'),
(2, 1, 52, '08:20:00'),
(2, 1, 57, '10:46:00'),
(2, 1, 67, '15:32:00'),
(2, 1, 87, '13:02:00'),
(2, 5, 52, '07:10:00'),
(2, 5, 57, '09:39:00'),
(2, 5, 67, '14:37:00'),
(2, 5, 87, '12:07:00'),
(2, 7, 52, '08:32:00'),
(2, 7, 57, '11:01:00'),
(2, 7, 67, '15:46:00'),
(2, 7, 87, '13:07:00'),
(2, 9, 52, '07:18:00'),
(2, 9, 57, '09:46:00'),
(2, 9, 67, '14:38:00'),
(2, 9, 87, '12:08:00'),
(2, 11, 52, '08:11:00'),
(2, 11, 57, '10:29:00'),
(2, 11, 67, '15:24:00'),
(2, 11, 87, '12:48:00'),
(2, 13, 52, '07:36:00'),
(2, 13, 57, '09:59:00'),
(2, 13, 67, '15:02:00'),
(2, 13, 87, '12:18:00'),
(2, 18, 52, '08:40:00'),
(2, 18, 57, '11:04:00'),
(2, 18, 67, '15:51:00'),
(2, 18, 87, '13:11:00'),
(2, 19, 52, '07:53:00'),
(2, 19, 57, '10:15:00'),
(2, 19, 67, '15:11:00'),
(2, 19, 87, '12:36:00'),
(2, 29, 52, '08:01:00'),
(2, 29, 57, '10:19:00'),
(2, 29, 67, '15:12:00'),
(2, 29, 87, '12:43:00'),
(2, 31, 52, '07:26:00'),
(2, 31, 57, '09:51:00'),
(2, 31, 67, '14:45:00'),
(2, 31, 87, '12:12:00'),
(2, 35, 52, '07:35:00'),
(2, 35, 57, '09:52:00'),
(2, 35, 67, '14:55:00'),
(2, 35, 87, '12:13:00'),
(2, 36, 52, '08:12:00'),
(2, 36, 57, '10:38:00'),
(2, 36, 67, '15:31:00'),
(2, 36, 87, '12:56:00'),
(2, 39, 52, '08:25:00'),
(2, 39, 57, '10:56:00'),
(2, 39, 67, '15:39:00'),
(2, 39, 87, '13:03:00'),
(2, 41, 52, '08:09:00'),
(2, 41, 57, '10:21:00'),
(2, 41, 67, '15:14:00'),
(2, 41, 87, '12:44:00'),
(2, 49, 52, '07:42:00'),
(2, 49, 57, '10:06:00'),
(2, 49, 67, '15:04:00'),
(2, 49, 87, '12:21:00'),
(2, 55, 52, '07:52:00'),
(2, 55, 57, '10:13:00'),
(2, 55, 67, '15:05:00'),
(2, 55, 87, '12:26:00'),
(3, 10, 103, '10:11:00'),
(3, 10, 108, '15:08:00'),
(3, 10, 111, '18:18:00'),
(3, 10, 125, '06:19:00'),
(3, 21, 103, '10:28:00'),
(3, 21, 108, '15:36:00'),
(3, 21, 111, '18:31:00'),
(3, 21, 125, '06:33:00'),
(3, 31, 103, '10:10:00'),
(3, 31, 108, '15:04:00'),
(3, 31, 111, '18:10:00'),
(3, 31, 125, '06:10:00'),
(3, 35, 103, '10:29:00'),
(3, 35, 108, '15:41:00'),
(3, 35, 111, '18:41:00'),
(3, 35, 125, '06:40:00'),
(3, 39, 103, '10:12:00'),
(3, 39, 108, '15:17:00'),
(3, 39, 111, '18:20:00'),
(3, 39, 125, '06:24:00'),
(3, 51, 103, '10:18:00'),
(3, 51, 108, '15:26:00'),
(3, 51, 111, '18:22:00'),
(3, 51, 125, '06:28:00'),
(4, 2, 138, '11:33:00'),
(4, 2, 157, '20:58:00'),
(4, 2, 162, '23:18:00'),
(4, 2, 177, '23:09:00'),
(4, 3, 138, '11:06:00'),
(4, 3, 157, '20:38:00'),
(4, 3, 162, '22:54:00'),
(4, 3, 177, '22:46:00'),
(4, 7, 138, '11:46:00'),
(4, 7, 157, '21:36:00'),
(4, 7, 162, '23:54:00'),
(4, 7, 177, '23:36:00'),
(4, 10, 138, '10:50:00'),
(4, 10, 157, '20:25:00'),
(4, 10, 162, '22:41:00'),
(4, 10, 177, '22:24:00'),
(4, 17, 138, '11:49:00'),
(4, 17, 157, '21:43:00'),
(4, 17, 162, '23:59:00'),
(4, 17, 177, '23:41:00'),
(4, 20, 138, '10:59:00'),
(4, 20, 157, '20:37:00'),
(4, 20, 162, '22:48:00'),
(4, 20, 177, '22:37:00'),
(4, 21, 138, '12:04:00'),
(4, 21, 157, '21:57:00'),
(4, 21, 162, '00:09:00'),
(4, 21, 177, '23:53:00'),
(4, 23, 138, '11:44:00'),
(4, 23, 157, '21:26:00'),
(4, 23, 162, '23:48:00'),
(4, 23, 177, '23:28:00'),
(4, 27, 138, '10:45:00'),
(4, 27, 157, '20:21:00'),
(4, 27, 162, '22:34:00'),
(4, 27, 177, '22:16:00'),
(4, 30, 138, '11:42:00'),
(4, 30, 157, '21:16:00'),
(4, 30, 162, '23:33:00'),
(4, 30, 177, '23:18:00'),
(4, 31, 138, '10:32:00'),
(4, 31, 157, '20:08:00'),
(4, 31, 162, '22:31:00'),
(4, 31, 177, '22:10:00'),
(4, 35, 138, '12:10:00'),
(4, 35, 157, '21:58:00'),
(4, 35, 162, '00:11:00'),
(4, 35, 177, '23:55:00'),
(4, 37, 138, '11:37:00'),
(4, 37, 157, '21:07:00'),
(4, 37, 162, '23:28:00'),
(4, 37, 177, '23:15:00'),
(4, 39, 138, '10:52:00'),
(4, 39, 157, '20:32:00'),
(4, 39, 162, '22:44:00'),
(4, 39, 177, '22:31:00'),
(4, 44, 138, '11:14:00'),
(4, 44, 157, '20:48:00'),
(4, 44, 162, '23:00:00'),
(4, 44, 177, '22:47:00'),
(4, 45, 138, '10:42:00'),
(4, 45, 157, '20:14:00'),
(4, 45, 162, '22:32:00'),
(4, 45, 177, '22:13:00'),
(4, 50, 138, '11:58:00'),
(4, 50, 157, '21:48:00'),
(4, 50, 162, '00:00:00'),
(4, 50, 177, '23:51:00'),
(4, 51, 138, '11:24:00'),
(4, 51, 157, '20:56:00'),
(4, 51, 162, '23:09:00'),
(4, 51, 177, '23:01:00'),
(4, 53, 138, '11:43:00'),
(4, 53, 157, '21:24:00'),
(4, 53, 162, '23:38:00'),
(4, 53, 177, '23:26:00'),
(4, 59, 138, '11:23:00'),
(4, 59, 157, '20:54:00'),
(4, 59, 162, '23:03:00'),
(4, 59, 177, '22:54:00'),
(5, 12, 186, '22:24:00'),
(5, 12, 187, '06:27:00'),
(5, 12, 196, '15:15:00'),
(5, 12, 207, '12:32:00'),
(5, 17, 186, '22:19:00'),
(5, 17, 187, '06:21:00'),
(5, 17, 196, '15:11:00'),
(5, 17, 207, '12:24:00'),
(5, 28, 186, '22:10:00'),
(5, 28, 187, '06:14:00'),
(5, 28, 196, '15:10:00'),
(5, 28, 207, '12:15:00'),
(5, 29, 186, '22:08:00'),
(5, 29, 187, '06:09:00'),
(5, 29, 196, '15:06:00'),
(5, 29, 207, '12:08:00'),
(5, 32, 186, '22:25:00'),
(5, 32, 187, '06:31:00'),
(5, 32, 196, '15:17:00'),
(5, 32, 207, '12:39:00'),
(5, 36, 186, '22:33:00'),
(5, 36, 187, '06:38:00'),
(5, 36, 196, '15:25:00'),
(5, 36, 207, '12:48:00'),
(5, 41, 186, '22:36:00'),
(5, 41, 187, '06:42:00'),
(5, 41, 196, '15:34:00'),
(5, 41, 207, '12:56:00'),
(6, 6, 214, '08:22:00'),
(6, 6, 220, '20:19:00'),
(6, 6, 223, '07:11:00'),
(6, 6, 226, '10:15:00'),
(6, 9, 214, '09:31:00'),
(6, 9, 220, '22:02:00'),
(6, 9, 223, '08:40:00'),
(6, 9, 226, '11:40:00'),
(6, 12, 214, '09:05:00'),
(6, 12, 220, '21:36:00'),
(6, 12, 223, '08:03:00'),
(6, 12, 226, '11:15:00'),
(6, 17, 214, '08:49:00'),
(6, 17, 220, '21:04:00'),
(6, 17, 223, '07:40:00'),
(6, 17, 226, '11:02:00'),
(6, 28, 214, '08:36:00'),
(6, 28, 220, '20:45:00'),
(6, 28, 223, '07:33:00'),
(6, 28, 226, '10:51:00'),
(6, 29, 214, '08:05:00'),
(6, 29, 220, '20:03:00'),
(6, 29, 223, '07:05:00'),
(6, 29, 226, '10:08:00'),
(6, 32, 214, '09:12:00'),
(6, 32, 220, '21:47:00'),
(6, 32, 223, '08:19:00'),
(6, 32, 226, '11:30:00'),
(6, 33, 214, '08:14:00'),
(6, 33, 220, '20:09:00'),
(6, 33, 223, '07:08:00'),
(6, 33, 226, '10:10:00'),
(6, 34, 214, '08:28:00'),
(6, 34, 220, '20:38:00'),
(6, 34, 223, '07:28:00'),
(6, 34, 226, '10:49:00'),
(6, 36, 214, '09:27:00'),
(6, 36, 220, '21:53:00'),
(6, 36, 223, '08:32:00'),
(6, 36, 226, '11:36:00'),
(6, 39, 214, '09:21:00'),
(6, 39, 220, '21:49:00'),
(6, 39, 223, '08:22:00'),
(6, 39, 226, '11:34:00'),
(6, 41, 214, '09:40:00'),
(6, 41, 220, '22:05:00'),
(6, 41, 223, '08:50:00'),
(6, 41, 226, '11:44:00'),
(6, 42, 214, '08:27:00'),
(6, 42, 220, '20:33:00'),
(6, 42, 223, '07:21:00'),
(6, 42, 226, '10:39:00'),
(6, 44, 214, '09:06:00'),
(6, 44, 220, '21:40:00'),
(6, 44, 223, '08:09:00'),
(6, 44, 226, '11:23:00'),
(6, 52, 214, '09:02:00'),
(6, 52, 220, '21:31:00'),
(6, 52, 223, '07:54:00'),
(6, 52, 226, '11:10:00'),
(6, 54, 214, '08:25:00'),
(6, 54, 220, '20:30:00'),
(6, 54, 223, '07:18:00'),
(6, 54, 226, '10:34:00'),
(6, 55, 214, '08:39:00'),
(6, 55, 220, '20:55:00'),
(6, 55, 223, '07:37:00'),
(6, 55, 226, '10:54:00'),
(6, 56, 214, '08:52:00'),
(6, 56, 220, '21:22:00'),
(6, 56, 223, '07:49:00'),
(6, 56, 226, '11:08:00'),
(6, 57, 214, '09:08:00'),
(6, 57, 220, '21:42:00'),
(6, 57, 223, '08:14:00'),
(6, 57, 226, '11:25:00'),
(6, 58, 214, '08:24:00'),
(6, 58, 220, '20:22:00'),
(6, 58, 223, '07:13:00'),
(6, 58, 226, '10:24:00'),
(6, 59, 214, '08:51:00'),
(6, 59, 220, '21:13:00'),
(6, 59, 223, '07:45:00'),
(6, 59, 226, '11:05:00'),
(7, 1, 245, '08:33:00'),
(7, 1, 254, '17:17:00'),
(7, 1, 266, '18:24:00'),
(7, 1, 272, '15:26:00'),
(7, 10, 245, '08:16:00'),
(7, 10, 254, '17:03:00'),
(7, 10, 266, '18:11:00'),
(7, 10, 272, '15:11:00'),
(7, 36, 245, '08:06:00'),
(7, 36, 254, '17:01:00'),
(7, 36, 266, '18:01:00'),
(7, 36, 272, '15:07:00'),
(7, 44, 245, '08:23:00'),
(7, 44, 254, '17:13:00'),
(7, 44, 266, '18:18:00'),
(7, 44, 272, '15:19:00'),
(8, 1, 295, '10:52:00'),
(8, 1, 301, '16:34:00'),
(8, 1, 304, '19:27:00'),
(8, 1, 311, '17:50:00'),
(8, 2, 295, '09:59:00'),
(8, 2, 301, '16:00:00'),
(8, 2, 304, '18:53:00'),
(8, 2, 311, '16:59:00'),
(8, 10, 295, '09:16:00'),
(8, 10, 301, '15:16:00'),
(8, 10, 304, '18:11:00'),
(8, 10, 311, '16:13:00'),
(8, 16, 295, '10:21:00'),
(8, 16, 301, '16:09:00'),
(8, 16, 304, '19:06:00'),
(8, 16, 311, '17:23:00'),
(8, 19, 295, '09:13:00'),
(8, 19, 301, '15:13:00'),
(8, 19, 304, '18:07:00'),
(8, 19, 311, '16:10:00'),
(8, 20, 295, '09:20:00'),
(8, 20, 301, '15:22:00'),
(8, 20, 304, '18:12:00'),
(8, 20, 311, '16:18:00'),
(8, 28, 295, '09:58:00'),
(8, 28, 301, '15:54:00'),
(8, 28, 304, '18:48:00'),
(8, 28, 311, '16:54:00'),
(8, 32, 295, '10:26:00'),
(8, 32, 301, '16:13:00'),
(8, 32, 304, '19:09:00'),
(8, 32, 311, '17:28:00'),
(8, 36, 295, '09:03:00'),
(8, 36, 301, '15:10:00'),
(8, 36, 304, '18:03:00'),
(8, 36, 311, '16:04:00'),
(8, 40, 295, '09:44:00'),
(8, 40, 301, '15:46:00'),
(8, 40, 304, '18:34:00'),
(8, 40, 311, '16:41:00'),
(8, 44, 295, '10:43:00'),
(8, 44, 301, '16:24:00'),
(8, 44, 304, '19:24:00'),
(8, 44, 311, '17:42:00'),
(8, 45, 295, '10:11:00'),
(8, 45, 301, '16:02:00'),
(8, 45, 304, '19:05:00'),
(8, 45, 311, '17:13:00'),
(8, 50, 295, '09:50:00'),
(8, 50, 301, '15:47:00'),
(8, 50, 304, '18:41:00'),
(8, 50, 311, '16:44:00'),
(8, 52, 295, '09:28:00'),
(8, 52, 301, '15:23:00'),
(8, 52, 304, '18:20:00'),
(8, 52, 311, '16:25:00'),
(8, 53, 295, '09:34:00'),
(8, 53, 301, '15:31:00'),
(8, 53, 304, '18:22:00'),
(8, 53, 311, '16:33:00'),
(8, 57, 295, '09:42:00'),
(8, 57, 301, '15:41:00'),
(8, 57, 304, '18:28:00'),
(8, 57, 311, '16:36:00'),
(8, 58, 295, '10:02:00'),
(8, 58, 301, '16:01:00'),
(8, 58, 304, '19:00:00'),
(8, 58, 311, '17:05:00'),
(8, 60, 295, '10:34:00'),
(8, 60, 301, '16:17:00'),
(8, 60, 304, '19:19:00'),
(8, 60, 311, '17:36:00'),
(9, 11, 317, '08:50:00'),
(9, 11, 322, '11:18:00'),
(9, 11, 345, '22:31:00'),
(9, 11, 353, '06:53:00'),
(9, 17, 317, '08:33:00'),
(9, 17, 322, '11:03:00'),
(9, 17, 345, '22:24:00'),
(9, 17, 353, '06:41:00'),
(9, 25, 317, '08:41:00'),
(9, 25, 322, '11:13:00'),
(9, 25, 345, '22:27:00'),
(9, 25, 353, '06:43:00'),
(9, 26, 317, '08:26:00'),
(9, 26, 322, '10:56:00'),
(9, 26, 345, '22:22:00'),
(9, 26, 353, '06:37:00'),
(9, 32, 317, '08:14:00'),
(9, 32, 322, '10:37:00'),
(9, 32, 345, '22:06:00'),
(9, 32, 353, '06:17:00'),
(9, 44, 317, '08:09:00'),
(9, 44, 322, '10:34:00'),
(9, 44, 345, '22:04:00'),
(9, 44, 353, '06:09:00'),
(9, 47, 317, '08:19:00'),
(9, 47, 322, '10:38:00'),
(9, 47, 345, '22:13:00'),
(9, 47, 353, '06:24:00'),
(9, 48, 317, '08:23:00'),
(9, 48, 322, '10:48:00'),
(9, 48, 345, '22:14:00'),
(9, 48, 353, '06:27:00'),
(10, 4, 360, '08:02:00'),
(10, 4, 373, '14:49:00'),
(10, 4, 383, '19:56:00'),
(10, 4, 399, '11:38:00'),
(10, 10, 360, '07:57:00'),
(10, 10, 373, '14:41:00'),
(10, 10, 383, '19:53:00'),
(10, 10, 399, '11:31:00'),
(10, 11, 360, '08:44:00'),
(10, 11, 373, '15:36:00'),
(10, 11, 383, '20:44:00'),
(10, 11, 399, '12:18:00'),
(10, 14, 360, '07:54:00'),
(10, 14, 373, '14:32:00'),
(10, 14, 383, '19:41:00'),
(10, 14, 399, '11:17:00'),
(10, 15, 360, '07:21:00'),
(10, 15, 373, '13:57:00'),
(10, 15, 383, '19:07:00'),
(10, 15, 399, '10:40:00'),
(10, 17, 360, '08:15:00'),
(10, 17, 373, '15:08:00'),
(10, 17, 383, '20:11:00'),
(10, 17, 399, '11:49:00'),
(10, 18, 360, '07:49:00'),
(10, 18, 373, '14:24:00'),
(10, 18, 383, '19:40:00'),
(10, 18, 399, '11:08:00'),
(10, 24, 360, '07:27:00'),
(10, 24, 373, '14:06:00'),
(10, 24, 383, '19:14:00'),
(10, 24, 399, '10:45:00'),
(10, 25, 360, '08:36:00'),
(10, 25, 373, '15:35:00'),
(10, 25, 383, '20:37:00'),
(10, 25, 399, '12:17:00'),
(10, 26, 360, '08:13:00'),
(10, 26, 373, '15:01:00'),
(10, 26, 383, '20:03:00'),
(10, 26, 399, '11:42:00'),
(10, 27, 360, '08:25:00'),
(10, 27, 373, '15:15:00'),
(10, 27, 383, '20:20:00'),
(10, 27, 399, '11:59:00'),
(10, 28, 360, '07:56:00'),
(10, 28, 373, '14:33:00'),
(10, 28, 383, '19:44:00'),
(10, 28, 399, '11:26:00'),
(10, 32, 360, '07:11:00'),
(10, 32, 373, '13:51:00'),
(10, 32, 383, '18:52:00'),
(10, 32, 399, '10:21:00'),
(10, 35, 360, '08:04:00'),
(10, 35, 373, '14:59:00'),
(10, 35, 383, '20:02:00'),
(10, 35, 399, '11:39:00'),
(10, 37, 360, '07:08:00'),
(10, 37, 373, '13:48:00'),
(10, 37, 383, '18:45:00'),
(10, 37, 399, '10:15:00'),
(10, 40, 360, '07:18:00'),
(10, 40, 373, '13:56:00'),
(10, 40, 383, '19:02:00'),
(10, 40, 399, '10:30:00'),
(10, 41, 360, '07:37:00'),
(10, 41, 373, '14:15:00'),
(10, 41, 383, '19:25:00'),
(10, 41, 399, '10:56:00'),
(10, 43, 360, '08:30:00'),
(10, 43, 373, '15:25:00'),
(10, 43, 383, '20:27:00'),
(10, 43, 399, '12:07:00'),
(10, 44, 360, '07:04:00'),
(10, 44, 373, '13:40:00'),
(10, 44, 383, '18:36:00'),
(10, 44, 399, '10:07:00'),
(10, 47, 360, '07:36:00'),
(10, 47, 373, '14:07:00'),
(10, 47, 383, '19:19:00'),
(10, 47, 399, '10:53:00'),
(10, 48, 360, '07:45:00'),
(10, 48, 373, '14:18:00'),
(10, 48, 383, '19:33:00'),
(10, 48, 399, '11:04:00'),
(11, 4, 403, '06:18:00'),
(11, 4, 409, '09:23:00'),
(11, 4, 423, '16:16:00'),
(11, 4, 427, '18:25:00'),
(11, 5, 403, '06:06:00'),
(11, 5, 409, '09:05:00'),
(11, 5, 423, '16:06:00'),
(11, 5, 427, '18:15:00'),
(11, 25, 403, '06:14:00'),
(11, 25, 409, '09:13:00'),
(11, 25, 423, '16:12:00'),
(11, 25, 427, '18:20:00'),
(11, 27, 403, '06:23:00'),
(11, 27, 409, '09:26:00'),
(11, 27, 423, '16:26:00'),
(11, 27, 427, '18:33:00'),
(11, 56, 403, '06:03:00'),
(11, 56, 409, '09:04:00'),
(11, 56, 423, '16:02:00'),
(11, 56, 427, '18:06:00'),
(12, 3, 453, '08:28:00'),
(12, 3, 457, '12:18:00'),
(12, 3, 471, '09:20:00'),
(12, 3, 488, '17:15:00'),
(12, 4, 453, '07:43:00'),
(12, 4, 457, '11:42:00'),
(12, 4, 471, '08:41:00'),
(12, 4, 488, '16:28:00'),
(12, 5, 453, '07:31:00'),
(12, 5, 457, '11:28:00'),
(12, 5, 471, '08:25:00'),
(12, 5, 488, '16:18:00'),
(12, 7, 453, '08:03:00'),
(12, 7, 457, '11:55:00'),
(12, 7, 471, '08:59:00'),
(12, 7, 488, '16:51:00'),
(12, 14, 453, '07:17:00'),
(12, 14, 457, '11:16:00'),
(12, 14, 471, '08:09:00'),
(12, 14, 488, '16:08:00'),
(12, 19, 453, '07:29:00'),
(12, 19, 457, '11:20:00'),
(12, 19, 471, '08:23:00'),
(12, 19, 488, '16:13:00'),
(12, 21, 453, '08:13:00'),
(12, 21, 457, '12:03:00'),
(12, 21, 471, '09:01:00'),
(12, 21, 488, '16:59:00'),
(12, 25, 453, '07:37:00'),
(12, 25, 457, '11:37:00'),
(12, 25, 471, '08:33:00'),
(12, 25, 488, '16:19:00'),
(12, 26, 453, '07:58:00'),
(12, 26, 457, '11:51:00'),
(12, 26, 471, '08:50:00'),
(12, 26, 488, '16:44:00'),
(12, 27, 453, '08:43:00'),
(12, 27, 457, '12:22:00'),
(12, 27, 471, '09:25:00'),
(12, 27, 488, '17:28:00'),
(12, 34, 453, '07:27:00'),
(12, 34, 457, '11:19:00'),
(12, 34, 471, '08:14:00'),
(12, 34, 488, '16:12:00'),
(12, 39, 453, '07:52:00'),
(12, 39, 457, '11:47:00'),
(12, 39, 471, '08:46:00'),
(12, 39, 488, '16:34:00'),
(12, 41, 453, '08:20:00'),
(12, 41, 457, '12:11:00'),
(12, 41, 471, '09:11:00'),
(12, 41, 488, '17:05:00'),
(12, 43, 453, '08:21:00'),
(12, 43, 457, '12:16:00'),
(12, 43, 471, '09:17:00'),
(12, 43, 488, '17:12:00'),
(12, 49, 453, '08:35:00'),
(12, 49, 457, '12:20:00'),
(12, 49, 471, '09:23:00'),
(12, 49, 488, '17:18:00'),
(12, 56, 453, '07:09:00'),
(12, 56, 457, '11:10:00'),
(12, 56, 471, '08:04:00'),
(12, 56, 488, '16:03:00'),
(13, 5, 493, '09:19:00'),
(13, 5, 502, '18:15:00'),
(13, 5, 509, '08:27:00'),
(13, 5, 524, '06:15:00'),
(13, 14, 493, '09:05:00'),
(13, 14, 502, '18:02:00'),
(13, 14, 509, '08:08:00'),
(13, 14, 524, '06:08:00'),
(13, 22, 493, '09:06:00'),
(13, 22, 502, '18:12:00'),
(13, 22, 509, '08:18:00'),
(13, 22, 524, '06:09:00'),
(13, 44, 493, '09:15:00'),
(13, 44, 502, '18:13:00'),
(13, 44, 509, '08:19:00'),
(13, 44, 524, '06:11:00'),
(13, 45, 493, '09:22:00'),
(13, 45, 502, '18:17:00'),
(13, 45, 509, '08:33:00'),
(13, 45, 524, '06:18:00');

-- --------------------------------------------------------

--
-- Table structure for table `route_card`
--

CREATE TABLE `route_card` (
  `card_id` int(11) NOT NULL,
  `cardholder_id` varchar(10) NOT NULL,
  `start_date` datetime NOT NULL,
  `expiration_date` datetime NOT NULL,
  `value` int(11) NOT NULL,
  `discount_type` varchar(20) DEFAULT NULL
) ENGINE=InnoDB DEFAULT CHARSET=utf8;

--
-- Dumping data for table `route_card`
--

INSERT INTO `route_card` (`card_id`, `cardholder_id`, `start_date`, `expiration_date`, `value`, `discount_type`) VALUES
(1, 'AT 181267', '2019-11-23 00:46:02', '2020-02-21 00:46:02', 45, '50'),
(2, 'WN 294094', '2020-01-02 22:33:48', '2020-04-01 22:33:48', 45, '50'),
(3, 'AL 902491', '2019-12-27 06:18:33', '2020-12-21 06:18:33', 180, '50'),
(4, 'SO 514504', '2019-10-02 19:56:44', '2019-11-01 19:56:44', 15, '50'),
(5, 'HM 648485', '2019-10-15 13:53:58', '2020-01-13 13:53:58', 45, '50'),
(6, 'JE 496037', '2020-01-03 02:33:17', '2020-12-28 02:33:17', 180, '50'),
(7, 'QA 336976', '2019-12-12 12:42:55', '2020-03-11 12:42:55', 45, '50'),
(8, 'PT 354362', '2019-12-20 07:21:09', '2020-03-19 07:21:09', 45, '50'),
(9, 'NI 279829', '2019-10-07 21:48:23', '2020-04-04 21:48:23', 135, '25'),
(10, 'CI 217834', '2019-10-06 13:42:14', '2020-09-30 13:42:14', 180, '50');

-- --------------------------------------------------------

--
-- Table structure for table `station`
--

CREATE TABLE `station` (
  `station_id` int(11) NOT NULL,
  `station_coordinates` varchar(20) NOT NULL,
  `name` varchar(20) NOT NULL,
  `capacity` int(11) NOT NULL
) ENGINE=InnoDB DEFAULT CHARSET=utf8;

--
-- Dumping data for table `station`
--

INSERT INTO `station` (`station_id`, `station_coordinates`, `name`, `capacity`) VALUES
(1, '65,279', 'Ities', 18),
(2, '495,552', 'Psarofai', 46),
(3, '460,653', 'Kentrikos', 30),
(4, '962,570', 'Aroi', 87);

-- --------------------------------------------------------

--
-- Table structure for table `vehicle`
--

CREATE TABLE `vehicle` (
  `license_plate` varchar(10) NOT NULL,
  `station_id` int(11) DEFAULT NULL,
  `brand` varchar(20) NOT NULL,
  `model` varchar(20) NOT NULL,
  `vehicle_coordinates` varchar(20) NOT NULL,
  `availability` tinyint(1) NOT NULL,
  `passengers_number` int(11) DEFAULT NULL,
  `max_passengers_number` int(11) DEFAULT NULL,
  `class` varchar(1) NOT NULL
) ENGINE=InnoDB DEFAULT CHARSET=utf8;

--
-- Dumping data for table `vehicle`
--

INSERT INTO `vehicle` (`license_plate`, `station_id`, `brand`, `model`, `vehicle_coordinates`, `availability`, `passengers_number`, `max_passengers_number`, `class`) VALUES
('ABC 6235', 2, 'PORSCHE', 'US 4996', '787,330', 1, 0, 60, 'C'),
('AVV 5904', NULL, 'MITSUBISHI', 'BS 8753', '895,376', 0, 11, 50, 'B'),
('AZZ 3422', NULL, 'VOLVO', 'BA 2764', '136,391', 0, 46, 60, 'A'),
('CEX 7428', NULL, 'VOLVO', 'BA 6933', '817,406', 0, 27, 90, 'A'),
('CIE 1783', 3, 'FORD', 'BA 9120', '460,653', 1, 0, 40, 'A'),
('CPR 7942', NULL, 'VOLVO', 'BA 1596', '984,961', 0, 13, 50, 'A'),
('CYU 1929', 2, 'PORSCHE', 'US 7974', '827,252', 0, 0, 80, 'C'),
('DPJ 8468', NULL, 'FORD', 'BA 6930', '140,739', 0, 5, 100, 'A'),
('DRZ 1267', 2, 'FORD', 'BA 9746', '382,208', 0, 0, 60, 'A'),
('EAU 8403', NULL, 'MITSUBISHI', 'BS 2611', '358,580', 0, 33, 90, 'B'),
('EHI 0864', NULL, 'FORD', 'BS 1981', '421,674', 0, 30, 100, 'B'),
('EVQ 0427', 2, 'MERCEDES', 'BS 1151', '713,5', 0, 0, 40, 'B'),
('HBC 9375', NULL, 'MERCEDES', 'BA 6129', '231,649', 0, 53, 80, 'A'),
('HIY 8544', NULL, 'VOLVO', 'BA 6773', '450,587', 0, 48, 60, 'A'),
('JTZ 1272', NULL, 'MERCEDES', 'BS 3872', '305,489', 0, 11, 100, 'B'),
('JZT 6037', 3, 'MITSUBISHI', 'BA 6300', '727,44', 0, 0, 70, 'A'),
('KNL 5704', NULL, 'FORD', 'BA 9800', '882,493', 0, 59, 70, 'A'),
('KQC 8642', 4, 'MITSUBISHI', 'US 9546', '611,567', 1, 0, 50, 'C'),
('KVK 4980', 2, 'FORD', 'BS 5410', '180,783', 0, 0, 80, 'B'),
('LMH 3384', NULL, 'MITSUBISHI', 'BA 7627', '201,20', 0, 32, 50, 'A'),
('LTP 2967', 2, 'MERCEDES', 'BS 777', '867,708', 1, 0, 60, 'B'),
('MCQ 9320', 3, 'VOLVO', 'BA 8682', '408,469', 1, 0, 60, 'A'),
('MNU 4097', 1, 'MERCEDES', 'US 7300', '349,611', 0, 0, 70, 'C'),
('MOR 2635', NULL, 'FORD', 'US 4411', '318,274', 0, 39, 40, 'C'),
('MVS 8888', 2, 'VOLVO', 'BA 3294', '866,105', 0, 0, 80, 'A'),
('NMO 5271', 3, 'MERCEDES', 'BA 3741', '754,592', 0, 0, 40, 'A'),
('NXR 2179', NULL, 'FORD', 'US 8006', '206,452', 0, 70, 70, 'C'),
('ODC 8907', 2, 'FORD', 'US 8221', '246,834', 1, 0, 100, 'C'),
('OLU 0440', NULL, 'VOLVO', 'US 8219', '387,708', 0, 39, 80, 'C'),
('OVN 3142', NULL, 'VOLVO', 'US 3255', '633,451', 0, 6, 50, 'C'),
('OXY 9293', 2, 'MERCEDES', 'BS 3384', '611,529', 1, 0, 100, 'B'),
('PCZ 8407', NULL, 'MERCEDES', 'BS 9194', '518,939', 0, 98, 100, 'B'),
('PPL 9353', NULL, 'MERCEDES', 'BS 8969', '52,238', 0, 23, 70, 'B'),
('QJC 6069', NULL, 'MERCEDES', 'BA 9890', '62,322', 0, 7, 70, 'A'),
('QMN 4402', NULL, 'MERCEDES', 'US 2218', '876,84', 0, 71, 80, 'C'),
('QPC 0107', NULL, 'MERCEDES', 'US 2447', '88,655', 0, 5, 40, 'C'),
('RCQ 6650', 3, 'FORD', 'BS 536', '195,958', 0, 0, 50, 'B'),
('RJE 4198', 1, 'VOLVO', 'BS 8727', '641,780', 0, 0, 80, 'B'),
('RKJ 1771', 3, 'MITSUBISHI', 'BS 6589', '897,993', 0, 0, 70, 'B'),
('ROC 9648', NULL, 'MITSUBISHI', 'BA 9981', '239,626', 0, 43, 50, 'A'),
('RQD 6621', NULL, 'PORSCHE', 'BS 3007', '703,961', 0, 0, 70, 'B'),
('SWI 4096', NULL, 'FORD', 'BA 2239', '20,792', 0, 33, 70, 'A'),
('TBF 3248', 4, 'FORD', 'BA 5602', '726,361', 1, 0, 60, 'A'),
('TIA 5902', 1, 'MERCEDES', 'BA 653', '950,396', 0, 0, 60, 'A'),
('TKJ 0813', 1, 'MERCEDES', 'BA 8801', '911,321', 1, 0, 60, 'A'),
('UBP 4674', NULL, 'MITSUBISHI', 'BS 7837', '936,923', 0, 54, 70, 'B'),
('UGR 5389', NULL, 'FORD', 'US 9404', '882,696', 0, 4, 50, 'C'),
('UID 6678', 2, 'MERCEDES', 'BA 1511', '256,808', 1, 0, 50, 'A'),
('UQI 8576', NULL, 'MITSUBISHI', 'BS 4580', '496,633', 0, 27, 50, 'B'),
('VTZ 4090', NULL, 'VOLVO', 'BA 4282', '583,470', 0, 40, 100, 'A'),
('WBI 2433', 2, 'FORD', 'US 7954', '964,235', 1, 0, 100, 'C'),
('WCJ 5518', NULL, 'MERCEDES', 'BA 9994', '37,186', 0, 1, 90, 'A'),
('WMX 5028', 2, 'PORSCHE', 'BS 6472', '532,729', 0, 0, 40, 'B'),
('WXY 1480', NULL, 'FORD', 'BA 4489', '890,678', 0, 72, 80, 'A'),
('XHH 5016', NULL, 'MERCEDES', 'US 5017', '336,626', 0, 23, 50, 'C'),
('XIJ 2756', NULL, 'PORSCHE', 'BS 1805', '259,33', 0, 35, 40, 'B'),
('XLL 1251', NULL, 'PORSCHE', 'BS 1389', '729,298', 0, 25, 90, 'B'),
('XRO 5600', NULL, 'PORSCHE', 'BS 5558', '162,878', 0, 39, 60, 'B'),
('XXO 0159', 1, 'PORSCHE', 'US 3550', '484,676', 1, 0, 60, 'C'),
('YDG 3889', NULL, 'MERCEDES', 'US 6198', '196,333', 0, 41, 50, 'C');

-- --------------------------------------------------------

--
-- Table structure for table `zones`
--

CREATE TABLE `zones` (
  `zone_id` int(11) NOT NULL,
  `card_id` int(11) NOT NULL
) ENGINE=InnoDB DEFAULT CHARSET=utf8;

--
-- Dumping data for table `zones`
--

INSERT INTO `zones` (`zone_id`, `card_id`) VALUES
(1, 2),
(1, 3),
(1, 10),
(2, 1),
(2, 4),
(2, 9),
(2, 10),
(3, 3),
(3, 4),
(3, 5),
(3, 6),
(3, 7),
(3, 8);

--
-- Indexes for dumped tables
--

--
-- Indexes for table `bus_stop`
--
ALTER TABLE `bus_stop`
  ADD PRIMARY KEY (`bus_stop_id`),
  ADD UNIQUE KEY `bus_stop_coordinates` (`bus_stop_coordinates`);

--
-- Indexes for table `cardholder`
--
ALTER TABLE `cardholder`
  ADD PRIMARY KEY (`cardholder_id`);

--
-- Indexes for table `consists_of`
--
ALTER TABLE `consists_of`
  ADD PRIMARY KEY (`line_id`,`bus_stop_id`) USING BTREE,
  ADD KEY `CONSISTS_OF_fk1` (`bus_stop_id`);

--
-- Indexes for table `driver`
--
ALTER TABLE `driver`
  ADD PRIMARY KEY (`driver_id`);

--
-- Indexes for table `executes`
--
ALTER TABLE `executes`
  ADD PRIMARY KEY (`license_plate`,`itinerary_id`,`line_id`,`driver_id`),
  ADD KEY `EXECUTES_fk1` (`itinerary_id`),
  ADD KEY `EXECUTES_fk2` (`line_id`),
  ADD KEY `EXECUTES_fk3` (`driver_id`);

--
-- Indexes for table `itinerary`
--
ALTER TABLE `itinerary`
  ADD PRIMARY KEY (`itinerary_id`,`line_id`),
  ADD KEY `ITINERARY_fk0` (`line_id`);

--
-- Indexes for table `line`
--
ALTER TABLE `line`
  ADD PRIMARY KEY (`line_id`);

--
-- Indexes for table `line_history`
--
ALTER TABLE `line_history`
  ADD PRIMARY KEY (`line_id`,`bus_stop_id`,`itinerary_id`) USING BTREE,
  ADD KEY `LINE_HISTORY_fk1` (`bus_stop_id`),
  ADD KEY `LINE_HISTORY_fk2` (`itinerary_id`);

--
-- Indexes for table `route_card`
--
ALTER TABLE `route_card`
  ADD PRIMARY KEY (`card_id`,`cardholder_id`),
  ADD KEY `ROUTE_CARD_fk0` (`cardholder_id`);

--
-- Indexes for table `station`
--
ALTER TABLE `station`
  ADD PRIMARY KEY (`station_id`);

--
-- Indexes for table `vehicle`
--
ALTER TABLE `vehicle`
  ADD PRIMARY KEY (`license_plate`),
  ADD UNIQUE KEY `vehicle_coordinates` (`vehicle_coordinates`),
  ADD KEY `VEHICLE_fk0` (`station_id`);

--
-- Indexes for table `zones`
--
ALTER TABLE `zones`
  ADD PRIMARY KEY (`zone_id`,`card_id`),
  ADD KEY `ZONES_fk0` (`card_id`);

--
-- AUTO_INCREMENT for dumped tables
--

--
-- AUTO_INCREMENT for table `bus_stop`
--
ALTER TABLE `bus_stop`
  MODIFY `bus_stop_id` int(11) NOT NULL AUTO_INCREMENT, AUTO_INCREMENT=61;

--
-- AUTO_INCREMENT for table `itinerary`
--
ALTER TABLE `itinerary`
  MODIFY `itinerary_id` int(11) NOT NULL AUTO_INCREMENT, AUTO_INCREMENT=561;

--
-- AUTO_INCREMENT for table `line`
--
ALTER TABLE `line`
  MODIFY `line_id` int(11) NOT NULL AUTO_INCREMENT, AUTO_INCREMENT=15;

--
-- AUTO_INCREMENT for table `route_card`
--
ALTER TABLE `route_card`
  MODIFY `card_id` int(11) NOT NULL AUTO_INCREMENT, AUTO_INCREMENT=11;

--
-- AUTO_INCREMENT for table `station`
--
ALTER TABLE `station`
  MODIFY `station_id` int(11) NOT NULL AUTO_INCREMENT, AUTO_INCREMENT=5;

--
-- Constraints for dumped tables
--

--
-- Constraints for table `consists_of`
--
ALTER TABLE `consists_of`
  ADD CONSTRAINT `CONSISTS_OF_fk0` FOREIGN KEY (`line_id`) REFERENCES `line` (`line_id`),
  ADD CONSTRAINT `CONSISTS_OF_fk1` FOREIGN KEY (`bus_stop_id`) REFERENCES `bus_stop` (`bus_stop_id`);

--
-- Constraints for table `executes`
--
ALTER TABLE `executes`
  ADD CONSTRAINT `EXECUTES_fk0` FOREIGN KEY (`license_plate`) REFERENCES `vehicle` (`license_plate`),
  ADD CONSTRAINT `EXECUTES_fk1` FOREIGN KEY (`itinerary_id`) REFERENCES `itinerary` (`itinerary_id`),
  ADD CONSTRAINT `EXECUTES_fk2` FOREIGN KEY (`line_id`) REFERENCES `itinerary` (`line_id`),
  ADD CONSTRAINT `EXECUTES_fk3` FOREIGN KEY (`driver_id`) REFERENCES `driver` (`driver_id`);

--
-- Constraints for table `itinerary`
--
ALTER TABLE `itinerary`
  ADD CONSTRAINT `ITINERARY_fk0` FOREIGN KEY (`line_id`) REFERENCES `line` (`line_id`);

--
-- Constraints for table `line_history`
--
ALTER TABLE `line_history`
  ADD CONSTRAINT `LINE_HISTORY_fk0` FOREIGN KEY (`line_id`) REFERENCES `line` (`line_id`),
  ADD CONSTRAINT `LINE_HISTORY_fk1` FOREIGN KEY (`bus_stop_id`) REFERENCES `bus_stop` (`bus_stop_id`),
  ADD CONSTRAINT `LINE_HISTORY_fk2` FOREIGN KEY (`itinerary_id`) REFERENCES `itinerary` (`itinerary_id`);

--
-- Constraints for table `route_card`
--
ALTER TABLE `route_card`
  ADD CONSTRAINT `ROUTE_CARD_fk0` FOREIGN KEY (`cardholder_id`) REFERENCES `cardholder` (`cardholder_id`);

--
-- Constraints for table `vehicle`
--
ALTER TABLE `vehicle`
  ADD CONSTRAINT `VEHICLE_fk0` FOREIGN KEY (`station_id`) REFERENCES `station` (`station_id`);

--
-- Constraints for table `zones`
--
ALTER TABLE `zones`
  ADD CONSTRAINT `ZONES_fk0` FOREIGN KEY (`card_id`) REFERENCES `route_card` (`card_id`);
COMMIT;

/*!40101 SET CHARACTER_SET_CLIENT=@OLD_CHARACTER_SET_CLIENT */;
/*!40101 SET CHARACTER_SET_RESULTS=@OLD_CHARACTER_SET_RESULTS */;
/*!40101 SET COLLATION_CONNECTION=@OLD_COLLATION_CONNECTION */;
